L	1	жанчына-ўрач
M	1	MORFOLOGIK_RULE_BE_BY		0	12	UnknownWord	Знойдзена магчымая памылка.	
L	2	жанчына-урач
M	2	U_KAROTKAJE	1	0	12	Other	Пасля галoсных літар замест «у» трэба пісаць «ў»: <suggestion>жанчына-ўрач</suggestion>	жанчына-ўрач
L	3	вакуумны пыласос
M	3	UPPERCASE_SENTENCE_START		0	8	Other	Гэты сказ не пачынаецца з вялікай літары	Вакуумны
L	4	Трыумфальная арка
L	5	да ўвагі
M	5	UPPERCASE_SENTENCE_START		0	2	Other	Гэты сказ не пачынаецца з вялікай літары	Да
L	6	Берасцейская унія
M	6	MORFOLOGIK_RULE_BE_BY		0	12	UnknownWord	Знойдзена магчымая памылка.	Берасцечка|Берасцечкам|Багацейская|Вераснёўская|Трацейская
L	7	да увагі
M	7	UPPERCASE_SENTENCE_START		0	2	Other	Гэты сказ не пачынаецца з вялікай літары	Да
M	7	U_KAROTKAJE	2	3	8	Other	Пасля галoсных літар замест «у» трэба пісаць «ў»: <suggestion>ўвагі</suggestion>	ўвагі
L	8	Так званы «унікум».
L	9	Так званы «універсум».
M	9	U_KAROTKAJE	2	11	20	Other	Пасля галoсных літар замест «у» трэба пісаць «ў»: <suggestion>ўніверсум</suggestion>	ўніверсум
L	10	бабуля
L	11	паўночна-ўсходні
L	12	дзядўля
M	12	U_KAROTKAJE	3	0	7	Other	Пасля зычных літар, нялітарных знакаў (акрамя двукоссяў і злучкоў) і знакаў прыпынку трэба пісаць літару «у»: <suggestion>дзядуля</suggestion>	дзядуля
L	13	заурад-ўрач
M	13	U_KAROTKAJE	1	0	11	Other	Пасля галoсных літар замест «у» трэба пісаць «ў»: <suggestion>заўрад-ўрач</suggestion>	заўрад-ўрач
L	14	ён у Полацку
M	14	UPPERCASE_SENTENCE_START		0	2	Other	Гэты сказ не пачынаецца з вялікай літары	Ён
L	15	кліча «ў Пагоню!»
M	15	UPPERCASE_SENTENCE_START		0	5	Other	Гэты сказ не пачынаецца з вялікай літары	Кліча
L	16	пачуў «будзь ласкавы» ўпершыню
M	16	UPPERCASE_SENTENCE_START		0	5	Other	Гэты сказ не пачынаецца з вялікай літары	Пачуў
L	17	ён ў Полацку
M	17	UPPERCASE_SENTENCE_START		0	2	Other	Гэты сказ не пачынаецца з вялікай літары	Ён
M	17	U_KAROTKAJE	4	3	4	Other	Пасля зычных літар, нялітарных знакаў (акрамя двукоссяў і злучкоў) і знакаў прыпынку трэба пісаць літару «у»: <suggestion>у</suggestion>	у
L	18	вокліч «ў бой!».
M	18	UPPERCASE_SENTENCE_START		0	6	Other	Гэты сказ не пачынаецца з вялікай літары	Вокліч
M	18	U_KAROTKAJE	4	8	9	Other	Пасля зычных літар, нялітарных знакаў (акрамя двукоссяў і злучкоў) і знакаў прыпынку трэба пісаць літару «у»: <suggestion>у</suggestion>	у
L	19	Карабель «Вараг» ўвайшоў у гавань.
M	19	U_KAROTKAJE	4	17	24	Other	Пасля зычных літар, нялітарных знакаў (акрамя двукоссяў і злучкоў) і знакаў прыпынку трэба пісаць літару «у»: <suggestion>увайшоў</suggestion>	увайшоў
L	20	iншыя
M	20	Non-cyrillic	1	0	5	Other	Магчыма патрэбна літара з кірыліцы замест аналагічнай па абрысе некірылічнай або наадварот. Замест літар з іншых алфавітаў, для азначэння націску выкарыстоўвайце сімвал U+0301 Унікода.	
L	21	иншыя
M	21	I	1	0	5	Other	Можа павінна быць «і» замест «и»: <suggestion>іншыя</suggestion>?	іншыя
L	22	шчавель
L	23	щавель
M	23	SCH	1	0	6	Other	Павінна быць «шч» замест «щ»: <suggestion>шчавель</suggestion>	шчавель
L	24	Hе веру тэлевізару.
M	24	Non-cyrillic	1	0	2	Other	Магчыма патрэбна літара з кірыліцы замест аналагічнай па абрысе некірылічнай або наадварот. Замест літар з іншых алфавітаў, для азначэння націску выкарыстоўвайце сімвал U+0301 Унікода.	
L	25	Дa цябе госці.
M	25	Non-cyrillic	1	0	2	Other	Магчыма патрэбна літара з кірыліцы замест аналагічнай па абрысе некірылічнай або наадварот. Замест літар з іншых алфавітаў, для азначэння націску выкарыстоўвайце сімвал U+0301 Унікода.	
L	26	«New York Times» была створана ў 1851-м годзе.
L	27	У XII стагоддзі.
L	28	мікрахва́леўка
M	28	MORFOLOGIK_RULE_BE_BY		0	14	UnknownWord	Знойдзена магчымая памылка.	
L	29	З'ява, зʼява, з’ява
M	29	MORFOLOGIK_RULE_BE_BY		7	12	UnknownWord	Знойдзена магчымая памылка.	з'ява|заява
L	30	У яго тэмпература каля 37,8 ºC.
M	30	MORFOLOGIK_RULE_BE_BY		28	30	UnknownWord	Знойдзена магчымая памылка.	BC|C
L	31	Pаніцай было суха.
M	31	Non-cyrillic	1	0	7	Other	Магчыма патрэбна літара з кірыліцы замест аналагічнай па абрысе некірылічнай або наадварот. Замест літар з іншых алфавітаў, для азначэння націску выкарыстоўвайце сімвал U+0301 Унікода.	
L	32	Tак не пойдзе...
M	32	Non-cyrillic	1	0	3	Other	Магчыма патрэбна літара з кірыліцы замест аналагічнай па абрысе некірылічнай або наадварот. Замест літар з іншых алфавітаў, для азначэння націску выкарыстоўвайце сімвал U+0301 Унікода.	
L	33	O, як я рады!
M	33	Latin_single_letter	1	0	1	Other	Магчыма патрэбна літара з кірыліцы замест аналагічнай па абрысе лацінскай або наадварот.	
L	34	A што здарылася?
M	34	Latin_single_letter	1	0	1	Other	Магчыма патрэбна літара з кірыліцы замест аналагічнай па абрысе лацінскай або наадварот.	
L	35	Як y вас справы?
M	35	Latin_single_letter	1	3	4	Other	Магчыма патрэбна літара з кірыліцы замест аналагічнай па абрысе лацінскай або наадварот.	
L	36	I не было тугі.
M	36	Latin_single_letter	1	0	1	Other	Магчыма патрэбна літара з кірыліцы замест аналагічнай па абрысе лацінскай або наадварот.	
L	37	крытыка
L	38	крітыка
M	38	RI	1	0	7	Other	Неўласцівае беларускай мове спалучэнне літар: «рі»: <suggestion>крытыка</suggestion>	крытыка
L	39	Прыпыніць расследаванне па факце смерці пратэстуючага.
L	40	А па факту атрымалася, што сіл няма.
M	40	pa_fakcie	1	2	10	Other	Тут імаверна патрабуецца месны склон: <suggestion>па факце</suggestion>	па факце
L	41	Падаём гэты выраз у двукоссі.
L	42	Таварышы, вы зразумелі гэтага «смяротніка» ў двукоссях?
M	42	dvukossi	1	43	54	Other	Назоўнік «двукоссе», ад яго вытворны ўстойлівы выраз «у двукоссі»: <suggestion>ў двукоссі</suggestion>	ў двукоссі
L	43	Ігнат ж не прыехаў.
M	43	PARTICLE_Za_Z	1	6	7	Other	Часціца «Ж» ужываецца толькі пасля словаў, якія сканчаюцца на галосны гук: <suggestion>жа</suggestion>	жа
L	44	Ігнат жа не прыехаў.
L	45	Алеся ж не прыехала.
L	46	Я не заўважыў, ці знаходзіцца ён у комнаце.
M	46	MORFOLOGIK_RULE_BE_BY		35	42	UnknownWord	Знойдзена магчымая памылка.	ком наце
L	47	Я не заўважыў, што ці знаходзіцца ён у комнаце.
M	47	szto_ci	1	13	18	Other	Лішні злучнік «што»: <suggestion>,</suggestion>	,
M	47	MORFOLOGIK_RULE_BE_BY		39	46	UnknownWord	Знойдзена магчымая памылка.	ком наце
L	48	Не стаўце два «іх» запар.
L	49	Гэта іх ідэя перавезці іх машыну.
M	49	DoubleIH	1	23	25	Other	Стыль: не стаўце два «іх» у сказе.	
L	50	Ва ўсякім разе.
L	51	Ва ўсялякім выпадку.
L	52	ні на грам
M	52	NI_NA_HRAN	1	0	10	Other	Рэкамендуецца ўжываць цэльны выраз: <suggestion>ні на гран</suggestion>.	ні на гран
L	53	ні на гран
M	53	UPPERCASE_SENTENCE_START		0	2	Other	Гэты сказ не пачынаецца з вялікай літары	Ні
L	54	ні грама
M	54	NI_NA_HRAN	2	0	8	Other	Рэкамендуецца ўжываць цэльны выраз: <suggestion>ні грана</suggestion>.	ні грана
L	55	ні грана
M	55	UPPERCASE_SENTENCE_START		0	2	Other	Гэты сказ не пачынаецца з вялікай літары	Ні
L	56	Ён скварыў сала
L	57	Мы пасмажылі сала
M	57	Piaczy-smazyc	1	3	12	Other	Калі гаворка ідзе аб прыгатаванні сала, то мабыць тут будзе слушней выкарыстаць дзеяслоў «скварыць».	
L	58	Папражы мне кавы
L	59	Яны смажылі арэхі
M	59	Piaczy-smazyc	2	4	11	Other	Каву, зерне, арэхі і падобнае звычайна пра́жаць або прагу́ць, але выкарыстоўваецца іншы дзеяслоў. Мабыць у дадзеным выпадку будзе слушней памяняць дзеяслоў.	
L	60	Пункт погляду.
L	61	З такой кропкі гледжання.
M	61	punkt_hledzannia	1	8	14	Other	Няправільнае выкарыстанне слова «кропка» ва ўстойлівым выразе замест «пункт».	
L	62	Вялікая літара.
L	63	З загаловачнай літары.
M	63	Vialikaja_litara	1	2	14	Other	Літара можа быць толькі «вялікай.	
L	64	Яго імя стала хадзячай назвай.
L	65	Гэтае слова стала намінальным імем.
M	65	Naminalnaje	1	18	29	Other	Імя можа быць агульным (грам.), а назва — хадзячай. Напр.: «яго імя стала хадзячай назвай».	
L	66	Пабачыўшы воўка, бяжы.
L	67	Я пры выглядзе павука пабяжаў на вуліцу.
M	67	Pry_vyhliadzie	1	2	14	Other	Мабыць вы мелі на ўвазе: <suggestion>як пабачыш</suggestion>, <suggestion>калі бачыў</suggestion>, <suggestion>перад</suggestion>, <suggestion>убачыўшы</suggestion>, <suggestion>пабачыўшы</suggestion>, <suggestion>бачачы</suggestion> і да т.п.?	як пабачыш|калі бачыў|перад|убачыўшы|пабачыўшы|бачачы
M	67	MORFOLOGIK_RULE_BE_BY		22	29	UnknownWord	Знойдзена магчымая памылка.	Павяжаў|паляжаў
L	68	Нарэшце ты дома, мілы.
L	69	На астатак, ён плюнуў на падлогу ды выйшаў з хаты.
L	70	Калі ж, у канцы-канцоў, гэта скончыцца?
M	70	U_kancy_kancou	1	8	22	Other	Мабыць вы мелі на ўвазе: <suggestion>у рэшце рэшт</suggestion>, <suggestion>урэшце</suggestion>, <suggestion>нарэшце</suggestion>, <suggestion>зрэшты</suggestion> або <suggestion>на астатак</suggestion>?	у рэшце рэшт|урэшце|нарэшце|зрэшты|на астатак
L	71	Нарэшце ты дома, мілы.
L	72	На астатак, ён плюнуў на падлогу ды выйшаў з хаты.
L	73	Калі ж, у канцы канцоў, гэта скончыцца?
M	73	U_kancy_kancou	2	8	22	Other	Мабыць вы мелі на ўвазе: <suggestion>у рэшце рэшт</suggestion>, <suggestion>урэшце</suggestion>, <suggestion>нарэшце</suggestion>, <suggestion>зрэшты</suggestion> або <suggestion>на астатак</suggestion>?	у рэшце рэшт|урэшце|нарэшце|зрэшты|на астатак
L	74	Я ведаю ведаю гэта.
M	74	REPETITION	1	2	13	Other	Паўтор аднаго слова 2 разы. Вы мелі на ўвазе: <suggestion>ведаю</suggestion>?	ведаю
L	75	Я ведаю, ведаю гэта.
L	76	Гэта здарылася 30 лютага 2014 г.
M	76	INVALID_DATE	1	15	24	Other	У лютым бывае толькі 28 дзён, або 29 у высакосным годзе.	
L	77	Гэта здарылася 28 лютага 2014 г.
L	78	Маё падарожжа было запланавана на чэрвень 20014 г.
M	78	YEAR_20001	1	34	47	Other	Сапраўды 20014? Можа мелася на ўвазе <suggestion>чэрвень 2014</suggestion>?	чэрвень 2014
L	79	Тавары ў сартыменце.
M	79	U_sartymiencie	1	7	19	Other	Магчыма памылка друку: <suggestion>ў асартыменце</suggestion>.	ў асартыменце
L	80	Тавары ў шырокім сартыменце.
M	80	U_sartymiencie	1	7	27	Other	Магчыма памылка друку: <suggestion>ў шырокім асартыменце</suggestion>.	ў шырокім асартыменце
L	81	Тавары ў асартыменце.
L	82	На праверку аказалася, што была дапушчана памылка.
M	82	na_pavierku	1	0	21	Other	Магчыма мелася на ўвазе: <suggestion>На паверку аказалася</suggestion>?	На паверку аказалася
L	83	На паверку аказалася, што была дапушчана памылка.
L	84	Здайце сшыткі на праверку!
L	85	На паверку апынулася, што была дапушчана памылка.
M	85	na_pavierku	2	0	20	Other	У дадзеным выразе лепш ужыць дзеяслоў «аказацца».	
L	86	На паверку аказалася, што была дапушчана памылка.
L	87	Узровень вады павялічыўся.
M	87	uzrovien_pavialiczyusia	1	0	25	Other	Узровень можа павысіцца, падняцца або ўзняцца: <suggestion>Узровень вады павысіўся</suggestion>.	Узровень вады павысіўся
L	88	Узровень вады ў рацэ павялічыўся.
M	88	uzrovien_pavialiczyusia	1	0	32	Other	Узровень можа павысіцца, падняцца або ўзняцца: <suggestion>Узровень вады ў рацэ павысіўся</suggestion>.	Узровень вады ў рацэ павысіўся
L	89	Узровень воды ў возеры ўзняўся.
L	90	Узровень вады паменшыўся.
M	90	uzrovien_pavialiczyusia	2	0	24	Other	Узровень можа панізіцца або знізіцца: <suggestion>Узровень вады панізіўся</suggestion>.	Узровень вады панізіўся
L	91	Узровень вады ў возеры панізіўся.
L	92	жыллёвы дом
M	92	zily_zulliovy	1	0	11	Other	Магчыма мелася на ўвазе: <suggestion>жылы дом</suggestion>?	жылы дом
L	93	жылы пакой
M	93	UPPERCASE_SENTENCE_START		0	4	Other	Гэты сказ не пачынаецца з вялікай літары	Жылы
L	94	жыллёвая прастора
M	94	zily_zulliovy	2	0	17	Other	Магчыма мелася на ўвазе: <suggestion>жылая прастора</suggestion>?	жылая прастора
L	95	жылая комната
M	95	UPPERCASE_SENTENCE_START		0	5	Other	Гэты сказ не пачынаецца з вялікай літары	Жылая
M	95	MORFOLOGIK_RULE_BE_BY		6	13	UnknownWord	Знойдзена магчымая памылка.	камбата|каната|кемнага|кожнага|коката|колата|комкала|компаса|коннага|конта|кормнага|коснага|кочата|цемната
L	96	Гэта лічба ў справаздачы заніжана.
M	96	liczba_zanizana	1	5	33	Other	Замест выразу: «лічба заніжана» лепш ўжываць: «колькасць (значэнне, ...) заніжана».	
L	97	паставіць укол
M	97	zrabic_ukol	1	0	14	Other	Магчыма мелася на ўвазе: <suggestion>зрабіць укол</suggestion>?	зрабіць укол
L	98	сутнасць ды справа
M	98	sud_da_delo	1	0	18	Other	Магчыма мелася на ўвазе: <suggestion>суд ды справа</suggestion>?	суд ды справа
L	99	Расходаванне электраэнергіі складае 100 кВт/г.
M	99	KWT.H	1	40	45	Other	Магчыма мелася на ўвазе: <suggestion>кВт⋅г</suggestion>?	кВт⋅г
L	100	Расходаванне электраэнергіі склала 100 кВт*г.
M	100	MORFOLOGIK_RULE_BE_BY		39	42	UnknownWord	Знойдзена магчымая памылка.	кат|квет|квот|квіт|кет|кот|кут|кіт
L	101	Расходаванне электраэнергіі складае 100 кВт⋅г.
M	101	MORFOLOGIK_RULE_BE_BY		40	45	UnknownWord	Знойдзена магчымая памылка.	кваг
L	102	Расходаванне электраэнергіі складае 100 kW/h.
M	102	KWT.H	2	40	44	Other	Магчыма мелася на ўвазе: <suggestion>kW·h</suggestion>?	kW·h
L	103	Расходаванне электраэнергіі склала 100 kWh.
M	103	MORFOLOGIK_RULE_BE_BY		39	42	UnknownWord	Знойдзена магчымая памылка.	AWS|CWV|JMH|JWT|KDE|KFC|KLM|Kia|Kohl|OVH|PwC|SSH|VW
L	104	Расходаванне электраэнергіі склала 100 kW·h.
M	104	MORFOLOGIK_RULE_BE_BY		39	41	UnknownWord	Знойдзена магчымая памылка.	VW
M	104	MORFOLOGIK_RULE_BE_BY		42	43	UnknownWord	Знойдзена магчымая памылка.	
L	105	Ёмістасць акумулятара складае 60 А/г.
M	105	А.H	1	33	36	Other	Магчыма мелася на ўвазе: <suggestion>А⋅г</suggestion>?	А⋅г
L	106	Ёмістасць акумулятара складае 60 А*г.
L	107	Ёмістасць акумулятара складае 60 А⋅г.
M	107	MORFOLOGIK_RULE_BE_BY		33	36	UnknownWord	Знойдзена магчымая памылка.	Інг|ААН|Абі|Ал|Ала|Але|Алег|Алу|Алы|Анд|Ась|Асю|Ася|Асі|Буг|Ганг|Дог|Луг|Ліг|Рог|ТЮГ|ФРГ|А|Аб|Аба|Абег|Або|Абы|Аві|Ага|Агу|Ад|Ада|Аер|Аж|Аз|Аза|Азе|Азу|Азы|Ай|Акр|Акт|Ало|Алё|Ант|Ану|Ані|Ар|Ара|Арго|Ару|Ары|Арэ|Ас|Аса|Асе|Асу|Асы|Ат|Ату|Аул|Ах|Ацю|Ачаг|Ашуг|Аі|Аіл|Аір|Аўе|Аўт|Аўю|Бег|Бог|Г|Гаг|Дуг|Лаг|Лег|Лог|Лёг|Маг|Мог|Міг|Ног|Пуг|Раг|Ранг|Саг|Сіг|Тог|Фаг|Фанг|Фуг|Фіг|Цуг|Цяг|Шаг|Эрг|Ёг
L	108	Ёмістасць акумулятара складае 60 A/h.
M	108	А.H	2	33	36	Other	Магчыма мелася на ўвазе: <suggestion>A⋅h</suggestion>?	A⋅h
L	109	Ёмістасць акумулятара складае 60 A*h.
M	109	MORFOLOGIK_RULE_BE_BY		35	36	UnknownWord	Знойдзена магчымая памылка.	
L	110	Ёмістасць акумулятара складае 60 A⋅h.
M	110	MORFOLOGIK_RULE_BE_BY		33	36	UnknownWord	Знойдзена магчымая памылка.	ABB|AMC|AMD|AOL|ATP|AVI|AWS|AXA|Axa|JMH|OVH|SSH
L	111	Ёмістасць акумулятара складае 900 мА/г.
M	111	А.H	3	34	38	Other	Магчыма мелася на ўвазе: <suggestion>мА⋅г</suggestion>?	мА⋅г
L	112	Ёмістасць акумулятара складае 900 мА*г.
M	112	MORFOLOGIK_RULE_BE_BY		34	36	UnknownWord	Знойдзена магчымая памылка.	Май|Мац|Маш|Маю|Мая|Маі|Эма|а|ва|га|да|жа|за|ка|м|маг|мае|маж|маз|май|мак|мам|мар|мас|мат|мах|мац|маю|мая|маё|маі|мо|му|мы|мэ|мі|на|ома|па|са|уа|фа|ха|ша|яма|ўа|м А
L	113	Ёмістасць акумулятара складае 900 мА⋅г.
M	113	MORFOLOGIK_RULE_BE_BY		34	38	UnknownWord	Знойдзена магчымая памылка.	маг
L	114	Ёмістасць акумулятара складае 500 mA/h.
M	114	А.H	4	34	38	Other	Магчыма мелася на ўвазе: <suggestion>mA⋅h</suggestion>?	mA⋅h
L	115	Ёмістасць акумулятара складае 500 mA*h.
M	115	MORFOLOGIK_RULE_BE_BY		34	36	UnknownWord	Знойдзена магчымая памылка.	Max
M	115	MORFOLOGIK_RULE_BE_BY		37	38	UnknownWord	Знойдзена магчымая памылка.	
L	116	Ёмістасць акумулятара складае 500 mA⋅h.
M	116	MORFOLOGIK_RULE_BE_BY		34	38	UnknownWord	Знойдзена магчымая памылка.	Max
L	117	Магутнасць КБЗ складае 500 В/А.
M	117	V.А	1	27	30	Other	Магчыма мелася на ўвазе: <suggestion>В⋅А</suggestion>?	В⋅А
L	118	Магутнасць КБЗ складае 500 В*А.
L	119	Магутнасць КБЗ складае 500 В⋅А.
L	120	Магутнасць КБЗ складае 500 V/A.
M	120	V.А	2	27	30	Other	Магчыма мелася на ўвазе: <suggestion>V⋅A</suggestion>?	V⋅A
L	121	Магутнасць КБЗ складае 500 V*A.
L	122	Магутнасць КБЗ складае 500 V⋅A.
L	123	Магутнасць КБЗ складае 500 ВА.
M	123	V.А	3	27	29	Other	Магчыма мелася на ўвазе: <suggestion>В⋅А</suggestion>?	В⋅А
L	124	Магутнасць ИБП складае 500 В*А.
M	124	I	1	11	14	Other	Можа павінна быць «і» замест «и»: <suggestion>ИБП</suggestion>?	ИБП
L	125	Магутнасць ИБП составляет 500 В⋅А.
M	125	I	1	11	14	Other	Можа павінна быць «і» замест «и»: <suggestion>ИБП</suggestion>?	ИБП
M	125	MORFOLOGIK_RULE_BE_BY		15	25	UnknownWord	Знойдзена магчымая памылка.	састаўляе|састаўляем|састаўляеш
L	126	большая палова
M	126	BOLSZAJA_PALOVA	1	0	14	Other	Магчыма мелася на ўвазе: <suggestion>большая частка</suggestion>?	большая частка
L	127	меншая частка
M	127	UPPERCASE_SENTENCE_START		0	6	Other	Гэты сказ не пачынаецца з вялікай літары	Меншая
L	128	Настолькі шмат тавару!
M	128	Stolki_szmat	1	0	14	Other	Магчыма мелася на ўвазе: <suggestion>так шмат</suggestion>?	Так шмат
L	129	Так шмат тавару!
L	130	Наколькі шмат тавару?
M	130	Stolki_szmat	2	0	13	Other	Магчыма мелася на ўвазе: <suggestion>як шмат</suggestion>?	Як шмат
L	131	Як шмат тавару?
L	132	На рынку падаражэлі цэны
M	132	Logical_padarazeli_ceny	1	9	24	Other	Лагічная памылка: <suggestion>цэны ўзраслі</suggestion>?	цэны ўзраслі
L	133	На рынку цэны ўзраслі
L	134	На рынку сёння былі дарагія цэны.
M	134	Logical_padarazeli_ceny	2	20	32	Other	Лагічная памылка: <suggestion>высокія цэны</suggestion>?	высокія цэны
L	135	На рынку сёння былі танныя цэны.
M	135	Logical_padarazeli_ceny	3	20	31	Other	Лагічная памылка: <suggestion>нізкія цэны</suggestion>?	нізкія цэны
L	136	круг круглы
M	136	PLIEANAZM	1	0	11	Other	Плеаназмы могуць нашкодзіць успрыманню тэксту: <suggestion>круг</suggestion>?	круг
L	137	масла масленае
M	137	PLIEANAZM	2	0	14	Other	Плеаназмы могуць нашкодзіць успрыманню тэксту: <suggestion>масла</suggestion>?	масла
L	138	асабіста я
M	138	UPPERCASE_SENTENCE_START		0	8	Other	Гэты сказ не пачынаецца з вялікай літары	Асабіста
L	139	Сітуацыя на сённяшні дзень.
L	140	Сітуацыя на сёння.
L	141	некалькі пахутчэй
M	141	UPPERCASE_SENTENCE_START		0	8	Other	Гэты сказ не пачынаецца з вялікай літары	Некалькі
M	141	MORFOLOGIK_RULE_BE_BY		9	17	UnknownWord	Знойдзена магчымая памылка.	па хутчэй
L	142	у лютым месяцы
M	142	UPPERCASE_SENTENCE_START		0	1	Other	Гэты сказ не пачынаецца з вялікай літары	У
L	143	у гэтай сувязі
M	143	UPPERCASE_SENTENCE_START		0	1	Other	Гэты сказ не пачынаецца з вялікай літары	У
L	144	у сувязі з гэтым
M	144	UPPERCASE_SENTENCE_START		0	1	Other	Гэты сказ не пачынаецца з вялікай літары	У
L	145	Яна выйшла замуж.
L	146	Ён выйшаў замуж.
L	147	Ён ажаніўся.
L	148	Яна ажанілася.
M	148	MORFOLOGIK_RULE_BE_BY		4	13	UnknownWord	Знойдзена магчымая памылка.	ажаніліся|жанілася|а жанілася|ажані лася
L	149	Сустрэча кіраўнікоў дзяржаў ЕўрАзЭС адбудзецца ў снежні 2022 г.
L	150	Сустрэча кіраўнікоў дзяржаў ЕАЭС адбудзецца ў снежні 2022 г.
L	151	Спадар андрэй быў прадуктыўным працоўнікам.
M	151	MORFOLOGIK_RULE_BE_BY		7	13	UnknownWord	Знойдзена магчымая памылка.	Андрэй|Анджэй|Андрэю|Андрэя|Андрэі|Анджэю|Анджэя|Анджэі|Андорай|Андрон|Андрун|Андрэек|Андрэем|Андрэйкі|Андрэям|Андрэях|Андрэяў|агрэй|аддрай|адрай|адрэж|адрэз|антрэ|вандруй|мудрэй|нагрэй|надрай|надрэж|надрэз|хандрой|шандрай
M	151	MORFOLOGIK_RULE_BE_BY		31	42	UnknownWord	Знойдзена магчымая памылка.	працаўнікам|праціўнікам
L	152	Беларускае слова атрымала прадуктыўны суфікс назваў асоб.
L	153	Прадуктыўнасць гэтага прадпрыемства толькі ўзрасла.
L	154	Аднак, прымаючы пад увагу прадуктыўнасць суфікса ‑ina (гл. Слаўскі, SP, 120–123), не выключана магчымасць самастойнага ўтварэння..
M	154	MORFOLOGIK_RULE_BE_BY		49	53	UnknownWord	Знойдзена магчымая памылка.	‑ INI
M	154	MORFOLOGIK_RULE_BE_BY		59	66	UnknownWord	Знойдзена магчымая памылка.	Слаўкі
M	154	DOUBLE_PUNCTUATION		128	130	Other	Дзве крокі запар	.|…
L	155	пачну свой расповед з…
M	155	UPPERCASE_SENTENCE_START		0	5	Other	Гэты сказ не пачынаецца з вялікай літары	Пачну
L	156	Ён напісаў кароценькі апавяд.
M	156	MORFOLOGIK_RULE_BE_BY		22	28	UnknownWord	Знойдзена магчымая памылка.	Гавяд|Павяж|апавядае|апавядай|апавядаю|апавядаў|апаві|апавіў|апад|апаляч|аповед|павяду|павяў
L	157	А я зараз распавяду адкуль на Беларусь рыхтаваўся напад.
L	158	А я зараз раскажу адкуль на Беларусь рыхтаваўся напад.
L	159	Яго аповедам захапляліся мільёны.
L	160	Так апавядае, нібы сама бачыла.
L	161	Цікавае апавяданне.
