L	1	Είχα πάω.
M	1	HAVE_INF	1	5	8	Other	Πιθανόν να χρειάζεται να χρησιμοποιήσετε τον απαρεμφατικό τύπο <suggestion>πάει</suggestion>	πάει
L	2	Είχα πάει.
L	3	Οι βελτιώσεις των προσεγγίσεων είναι εμφανείς και οι μέθοδοι αυτοί είναι κατάλληλοι για την κατανόηση των μεθόδων μεγαλύτερης τάξης.
M	3	GREEK_AGREEMENT_1	1	61	66	Other	Το ουσιαστικό μέθοδος είναι γένους Θηλυκού. Χρησιμοποιήστε την αντωνυμία <suggestion>αυτές</suggestion>	αυτές
L	4	Οι βελτιώσεις των προσεγγίσεων είναι εμφανείς και οι μέθοδοι αυτές είναι κατάλληλοι για την κατανόηση των μεθόδων μεγαλύτερης τάξης.
L	5	Προσθέτουμε στο τρέχων έτος 1 μέρα και ο χρόνος αυτός ονομάζεται δίσεκτος.
M	5	GREEK_AGREEMENT_2	1	16	22	Other	Το ουσιαστικό «έτος» είναι ουδέτερο, χρησιμοποιήστε τον ουδέτερο τύπο <suggestion>τρέχον</suggestion>	τρέχον
L	6	Προσθέτουμε στο τρέχον έτος 1 μέρα και ο χρόνος αυτός ονομάζεται δίσεκτος.
L	7	Που πας;
M	7	GREEK_WHERE-	1	0	3	Other	Στις ερωτηματικές προτάσεις το <suggestion>πού</suggestion> τονίζεται	Πού
L	8	Πού πας;
L	9	Πως είσαι;
M	9	GREEK_HOW-	1	0	3	Other	Στις ερωτηματικές προτάσεις το <suggestion>πώς</suggestion> τονίζεται	Πώς
L	10	Πώς είσαι;
L	11	Δέκα τρία.
M	11	GREEK_NUMERAL_ONE_WORD	1	0	9	Other	Τα αριθμητικά από το 13 μέχρι το 19 γράφονται με μια λέξη <suggestion>δεκατρία</suggestion>	Δεκατρία
L	12	Δέκατρία.
M	12	MORFOLOGIK_RULE_EL_GR		0	8	UnknownWord	Βρέθηκε πιθανό ορθογραφικό λάθος	Δεκατρία|Δεκάρια|Δεκαριά|Δέκα τρία
L	13	Πως και πως.
M	13	GREEK_COMMON_ERRORS_1	1	0	11	Other	<suggestion>πώς και πώς</suggestion>	Πώς και πώς
L	14	Πώς και πώς.
L	15	Που και που.
M	15	GREEK_COMMON_ERRORS_2	1	0	11	Other	<suggestion>πού και πού</suggestion>	Πού και πού
L	16	Πού και πού.
L	17	Αραιά και που.
M	17	GREEK_COMMON_ERRORS_3	1	0	13	Other	<suggestion>αραιά και πού</suggestion>	Αραιά και πού
L	18	Αραιά και πού.
L	19	Από που κι ως που.
M	19	GREEK_COMMON_ERRORS_4	1	4	17	Other	<suggestion>πού κι ως πού</suggestion>	πού κι ως πού
L	20	Από πού κι ως πού.
M	20	GREEK_STYLE_AND	1	8	10	Hint	Το κι πρέπει να αποφεύγεται σε επιστημονικά κείμενα και στον επίσημο λόγο. Χρησιμοποιήστε <suggestion>και</suggestion>.	και
L	21	Το δεν γράφεται κι δε όταν ακολουθεί λέξη που αρχίζει από εξακολουθητικό σύμφωνο.
M	21	GREEK_PARTICLE_EXTRA_N_1	1	3	6	Other	Το τελικό ν διατηρείται στον γραπτό λόγο, μόνο όταν η επόμενη λέξη αρχίζει από φωνήεν ή από ένα από τα: κ, π, τ, γκ, μπ, ντ, τσ, τζ, ξ, ψ. Χρησιμοποιήστε <suggestion>δε</suggestion>	δε
M	21	GREEK_ORTHOGRAPHY_AND_BEFORE_CONSONANT	1	16	18	Other	Το κι χρησιμοποιείται μόνο πριν από φωνήεν. Χρησιμοποιήστε τον τύπο <suggestion>και</suggestion>.	και
M	21	GREEK_PARTICLE_MISSING_N_1	1	19	21	Other	Το τελικό ν διατηρείται στον γραπτό λόγο, όταν η επόμενη λέξη αρχίζει από φωνήεν ή από ένα από τα: κ, π, τ, γκ, μπ, ντ, τσ, τζ, ξ, ψ. Χρησιμοποιήστε <suggestion>δεν</suggestion>	δεν
L	22	Το δεν γράφεται και δε όταν ακολουθεί λέξη που αρχίζει από εξακολουθητικό σύμφωνο.
M	22	GREEK_PARTICLE_EXTRA_N_1	1	3	6	Other	Το τελικό ν διατηρείται στον γραπτό λόγο, μόνο όταν η επόμενη λέξη αρχίζει από φωνήεν ή από ένα από τα: κ, π, τ, γκ, μπ, ντ, τσ, τζ, ξ, ψ. Χρησιμοποιήστε <suggestion>δε</suggestion>	δε
M	22	GREEK_PARTICLE_MISSING_N_1	1	20	22	Other	Το τελικό ν διατηρείται στον γραπτό λόγο, όταν η επόμενη λέξη αρχίζει από φωνήεν ή από ένα από τα: κ, π, τ, γκ, μπ, ντ, τσ, τζ, ξ, ψ. Χρησιμοποιήστε <suggestion>δεν</suggestion>	δεν
L	23	Πιθανόν να εξαφανίστηκε επειδή δεν άντεξε το ανταγωνισμό με τον ανατομικά ανώτερο σμιλόδοντα.
M	23	GREEK_PUNC_2	1	0	7	Other	Συνήθως χρειάζεται κόμμα μετά από προτασιακό επίρρημα στην αρχή πρότασης: <suggestion>Πιθανόν,</suggestion>	Πιθανόν,
M	23	GREEK_ART_MASC_MISSING_N	1	42	44	Other	Το τελικό ν του αρσενικού άρθρου διατηρείται στον γραπτό λόγο. Χρησιμοποιήστε <suggestion>τον</suggestion>	τον
M	23	MORFOLOGIK_RULE_EL_GR		82	92	UnknownWord	Βρέθηκε πιθανό ορθογραφικό λάθος	σκυλόδοντα
L	24	Αποφεύγουν τον ανταγωνισμό με το να καταλαμβάνουν διαφορετικούς τομείς του βροχοδάσους.
M	24	MORFOLOGIK_RULE_EL_GR		75	86	UnknownWord	Βρέθηκε πιθανό ορθογραφικό λάθος	δρυοδάσους
L	25	Περιορισμοί στο ανταγωνισμό για τους οποίους δεν διατυπώθηκαν συστάσεις.
M	25	GREEK_PREP_ART_MASC_MISSING_N	1	12	15	Other	Ακολουθεί αρσενικό ουσιαστικό. Χρησιμοποιήστε <suggestion>στον</suggestion>	στον
M	25	GREEK_PARTICLE_EXTRA_N_1	1	45	48	Other	Το τελικό ν διατηρείται στον γραπτό λόγο, μόνο όταν η επόμενη λέξη αρχίζει από φωνήεν ή από ένα από τα: κ, π, τ, γκ, μπ, ντ, τσ, τζ, ξ, ψ. Χρησιμοποιήστε <suggestion>δε</suggestion>	δε
L	26	Ορισμένες επιχειρήσεις δεν μπορούν να ανταποκριθούν στον ανταγωνισμό.
L	27	Το Σιν Φέιν ψηφίζει υπέρ της συνεργασίας του με τη αστυνομία για πρώτη φορά στην ιστορία του κόμματος.
M	27	MORFOLOGIK_RULE_EL_GR		3	6	UnknownWord	Βρέθηκε πιθανό ορθογραφικό λάθος	Νιν|ΣΥΝ|Σία|Σίνα|Σινά|Σιντ|Σιχ|Σιών|Σον|Γιν|Σαν|Σι|Σικ|Σινί|Συν|Σι ν
M	27	MORFOLOGIK_RULE_EL_GR		7	11	UnknownWord	Βρέθηκε πιθανό ορθογραφικό λάθος	Κέιν|Μέιν|Πέιν|Ρέιν|Φέι|Φλιν|Φέιγ|Φέι ν
M	27	GREEK_ART_FEM_MISSING_N	1	48	50	Other	Το τελικό ν διατηρείται στον γραπτό λόγο, όταν η επόμενη λέξη αρχίζει από φωνήεν ή από ένα από τα: κ, π, τ, γκ, μπ, ντ, τσ, τζ, ξ, ψ. Χρησιμοποιήστε <suggestion>την</suggestion>	την
L	28	Το Σιν Φέιν ψηφίζει υπέρ της συνεργασίας του με την αστυνομία για πρώτη φορά στην ιστορία του κόμματος.
M	28	MORFOLOGIK_RULE_EL_GR		3	6	UnknownWord	Βρέθηκε πιθανό ορθογραφικό λάθος	Νιν|ΣΥΝ|Σία|Σίνα|Σινά|Σιντ|Σιχ|Σιών|Σον|Γιν|Σαν|Σι|Σικ|Σινί|Συν|Σι ν
M	28	MORFOLOGIK_RULE_EL_GR		7	11	UnknownWord	Βρέθηκε πιθανό ορθογραφικό λάθος	Κέιν|Μέιν|Πέιν|Ρέιν|Φέι|Φλιν|Φέιγ|Φέι ν
L	29	Για την λειτουργία της αναπνοής υπάρχει σε κάθε οργανισμό ξεχωριστό σύστημα οργάνων
M	29	GREEK_ART_FEM_EXTRA_N	1	4	7	Other	Το τελικό ν διατηρείται στον γραπτό λόγο, μόνο όταν η επόμενη λέξη αρχίζει από φωνήεν ή από ένα από τα: κ, π, τ, γκ, μπ, ντ, τσ, τζ, ξ, ψ. Χρησιμοποιήστε <suggestion>τη</suggestion>	τη
L	30	Για τη λειτουργία της αναπνοής υπάρχει σε κάθε οργανισμό ξεχωριστό σύστημα οργάνων
L	31	Ο Πέτρος πήγε στη αντιπροσωπεία και αγόρασε ένα καινούργιο αυτοκίνητο.
M	31	GREEK_PREP_ART_FEM_MISSING_N	1	14	17	Other	Το τελικό ν διατηρείται στον γραπτό λόγο, όταν η επόμενη λέξη αρχίζει από φωνήεν ή από ένα από τα: κ, π, τ, γκ, μπ, ντ, τσ, τζ, ξ, ψ. Χρησιμοποιήστε <suggestion>στην</suggestion>	στην
L	32	Ο Πέτρος πήγε στην αντιπροσωπεία και αγόρασε ένα καινούργιο αυτοκίνητο.
L	33	Το κάπνισμα έχει ζημιογόνα επίδραση στην λειτουργία των πνευμόνων.
M	33	GREEK_PREP_ART_FEM_EXTRA_N	1	36	40	Other	Το τελικό ν διατηρείται στον γραπτό λόγο, μόνο όταν η επόμενη λέξη αρχίζει από φωνήεν ή από ένα από τα: κ, π, τ, γκ, μπ, ντ, τσ, τζ, ξ, ψ. Χρησιμοποιήστε <suggestion>στη</suggestion>	στη
L	34	Το κάπνισμα έχει ζημιογόνα επίδραση στη λειτουργία των πνευμόνων.
L	35	Γι' αυτή ξενιτεύτηκα.
L	36	Γι' αυτήν ξενιτεύτηκα.
L	37	Μ' αυτήν γειτονεύω.
L	38	Μ' αυτή γειτονεύω.
L	39	Ο Γιάννης δε ξέρει.
M	39	GREEK_PARTICLE_MISSING_N_1	1	10	12	Other	Το τελικό ν διατηρείται στον γραπτό λόγο, όταν η επόμενη λέξη αρχίζει από φωνήεν ή από ένα από τα: κ, π, τ, γκ, μπ, ντ, τσ, τζ, ξ, ψ. Χρησιμοποιήστε <suggestion>δεν</suggestion>	δεν
L	40	Ο Γιάννης δεν ξέρει.
L	41	Ο Γιάννης δεν θέλει.
M	41	GREEK_PARTICLE_EXTRA_N_1	1	10	13	Other	Το τελικό ν διατηρείται στον γραπτό λόγο, μόνο όταν η επόμενη λέξη αρχίζει από φωνήεν ή από ένα από τα: κ, π, τ, γκ, μπ, ντ, τσ, τζ, ξ, ψ. Χρησιμοποιήστε <suggestion>δε</suggestion>	δε
L	42	Ο Γιάννης δε θέλει.
L	43	Ο Γιάννης μπορεί να μη ξέρει.
M	43	GREEK_PARTICLE_MISSING_N_2	1	20	22	Other	Το τελικό ν διατηρείται στον γραπτό λόγο, όταν η επόμενη λέξη αρχίζει από φωνήεν ή από ένα από τα: κ, π, τ, γκ, μπ, ντ, τσ, τζ, ξ, ψ. Χρησιμοποιήστε <suggestion>μην</suggestion>	μην
L	44	Ο Γιάννης μπορεί να μην ξέρει.
L	45	Ο Γιάννης μπορεί να μην θέλει.
M	45	GREEK_PARTICLE_EXTRA_N_2	1	20	23	Other	Το τελικό ν διατηρείται στον γραπτό λόγο, μόνο όταν η επόμενη λέξη αρχίζει από φωνήεν ή από ένα από τα: κ, π, τ, γκ, μπ, ντ, τσ, τζ, ξ, ψ. Χρησιμοποιήστε <suggestion>μη</suggestion>	μη
L	46	Ο Γιάννης μπορεί να μη θέλει.
L	47	Όσο μεγαλύτερη ροπή θέλουμε να μεταφέρουμε τόσο πιο ισχυρότερα και περισσότερα πρέπει να είναι τα ελατήρια.
M	47	GREEK_MORE_ADJ_COMP	1	48	62	Other	Το επίθετο <suggestion>ισχυρότερα</suggestion> είναι σε συγκριτικό βαθμό και εμπεριέχει την έννοια του «πιο».	ισχυρότερα
L	48	Όσο μεγαλύτερη ροπή θέλουμε να μεταφέρουμε τόσο ισχυρότερα και περισσότερα πρέπει να είναι τα ελατήρια.
L	49	Οι Έλληνες ήταν εξ ανέκαθεν οι παραδοσιακοί έμποροι της Μεσογείου.
M	49	GREEK_REDUNDANT_1	1	16	27	Other	Η έννοια του εξ περιέχεται ήδη στην κατάληξη -θεν. Χρησιμοποιήστε απλά την λέξη <suggestion>ανέκαθεν</suggestion>.	ανέκαθεν
L	50	Οι Έλληνες ήταν ανέκαθεν οι παραδοσιακοί έμποροι της Μεσογείου.
L	51	Η πολιτιστική και πνευματική ανάπτυξη του Δήμου από ανέκαθεν ήταν σε πολύ ψηλά επίπεδα.
M	51	GREEK_REDUNDANT_1	2	48	60	Other	Η έννοια του από περιέχεται ήδη στην κατάληξη -θεν. Χρησιμοποιήστε απλά την λέξη <suggestion>ανέκαθεν</suggestion>.	ανέκαθεν
L	52	Η πολιτιστική και πνευματική ανάπτυξη του Δήμου ανέκαθεν ήταν σε πολύ ψηλά επίπεδα.
L	53	Άρα λοιπόν πρακτικά το πεδίο αυτό περιέχει τον μέγιστο αριθμό κόμβων από τους οποίους πρέπει να περάσει το πακέτο έως ότου τελικά παραδοθεί στον παραλήπτη.
M	53	GREEK_REDUNDANT_2	1	0	10	Other	Οι λέξεις άρα και λοιπόν είναι συνώνυμες. Χρησιμοποιήστε απλά την λέξη <suggestion>Άρα</suggestion>.	Άρα
L	54	Άρα πρακτικά το πεδίο αυτό περιέχει τον μέγιστο αριθμό κόμβων από τους οποίους πρέπει να περάσει το πακέτο έως ότου τελικά παραδοθεί στον παραλήπτη.
L	55	Στη συνέχεια ακολουθεί η επιτόπια αυτοψία αρχιτέκτονα στο κτίριο
M	55	GREEK_REDUNDANT_3	1	25	41	Other	Η έννοια του επιτόπια περιέχεται ήδη στην λέξη αυτοψία. Χρησιμοποιήστε απλά την λέξη <suggestion>αυτοψία</suggestion>.	αυτοψία
L	56	Στη συνέχεια ακολουθεί η αυτοψία αρχιτέκτονα στο κτίριο
L	57	Θα κλείσει η θα μεταφερθεί;
M	57	GREEK_PARTICLE_ARTICLE	1	11	12	Other	Μήπως εννοείτε τον διαζευκτικό σύνδεσμο <suggestion>ή</suggestion> (με τόνο);	ή
L	58	Θα κλείσει ή θα μεταφερθεί;
L	59	Να ζει κανείς η να μη ζει;
M	59	GREEK_PARTICLE_ARTICLE	1	14	15	Other	Μήπως εννοείτε τον διαζευκτικό σύνδεσμο <suggestion>ή</suggestion> (με τόνο);	ή
L	60	Να ζει κανείς ή να μη ζει;
L	61	Το υπερρεαλιστικό κίνημα δεν είχε ποτέ κάποιο αποτέλεσμα σε ότι αφορά τις πολιτικές του τοποθετήσεις και προσπάθειες.
M	61	GREEK_HOMONYMY_CONJ_PRON	1	60	63	Other	Μήπως εννοείτε την αντωνυμία <suggestion>ό,τι</suggestion>;	ό,τι
L	62	Το υπερρεαλιστικό κίνημα δεν είχε ποτέ κάποιο αποτέλεσμα σε ό,τι αφορά τις πολιτικές του τοποθετήσεις και προσπάθειες.
M	62	MORFOLOGIK_RULE_EL_GR		60	64	UnknownWord	Βρέθηκε πιθανό ορθογραφικό λάθος	ούτι|ότι
L	63	Περισσότεροι από ένας στους τέσσερις οι άνεργοι.
M	63	GREEK_SYNTAX_1	1	13	21	Other	Μετά από επίθετο συγκριτικού βαθμού ακολουθεί συνήθως <suggestion>από έναν</suggestion> ή σπανιότερα <suggestion>του ενός</suggestion>.	από έναν|του ενός
L	64	Περισσότεροι από έναν στους τέσσερις οι άνεργοι.
L	65	Γίνονται όλοι δεκτοί ανεξαρτήτου ηλικίας.
M	65	GREEK_SYNTAX_2	1	21	32	Other	Η σωστή έκφραση είναι <suggestion>ανεξαρτήτως</suggestion> ηλικίας.	ανεξαρτήτως
L	66	Γίνονται όλοι δεκτοί ανεξαρτήτως ηλικίας.
L	67	Καλός ορίσατε στην ιστοσελίδα μας!
M	67	GREEK_SYNTAX_3	1	0	5	Other	Το «Καλός» είναι επίθετο, χρησιμοποιήστε το επίρρημα <suggestion>καλώς</suggestion>	Καλώς
L	68	Καλώς ορίσατε στην ιστοσελίδα μας!
L	69	Ναι η Επιτροπή έλαβε υπόψη της το αίτημά σας.
M	69	GREEK_PUNC_1	1	0	3	Other	Συνήθως χρειάζεται κόμμα μετά από αρνητικό ή βεβαιωτικό μόριο στην αρχή πρότασης: <suggestion>Ναι,</suggestion>	Ναι,
L	70	Ναι, η Επιτροπή έλαβε υπόψη της το αίτημά σας.
L	71	Όχι το Κοινοβούλιο δεν μπορεί να εγκρίνει την τροποποίηση.
M	71	GREEK_PUNC_1	1	0	3	Other	Συνήθως χρειάζεται κόμμα μετά από αρνητικό ή βεβαιωτικό μόριο στην αρχή πρότασης: <suggestion>Όχι,</suggestion>	Όχι,
L	72	Όχι, το Κοινοβούλιο δεν μπορεί να εγκρίνει την τροποποίηση.
L	73	Συνεπώς ο κανονισμός πρέπει να τροποποιηθεί ανάλογα.
M	73	GREEK_PUNC_2	1	0	7	Other	Συνήθως χρειάζεται κόμμα μετά από προτασιακό επίρρημα στην αρχή πρότασης: <suggestion>Συνεπώς,</suggestion>	Συνεπώς,
L	74	Συνεπώς, ο κανονισμός πρέπει να τροποποιηθεί ανάλογα.
L	75	Αντίθετα η Επιτροπή δεν συμφώνησε με την πρόταση αυτή.
M	75	GREEK_PUNC_2	1	0	8	Other	Συνήθως χρειάζεται κόμμα μετά από προτασιακό επίρρημα στην αρχή πρότασης: <suggestion>Αντίθετα,</suggestion>	Αντίθετα,
M	75	GREEK_PARTICLE_EXTRA_N_1	1	20	23	Other	Το τελικό ν διατηρείται στον γραπτό λόγο, μόνο όταν η επόμενη λέξη αρχίζει από φωνήεν ή από ένα από τα: κ, π, τ, γκ, μπ, ντ, τσ, τζ, ξ, ψ. Χρησιμοποιήστε <suggestion>δε</suggestion>	δε
L	76	Αντίθετα, η Επιτροπή δεν συμφώνησε με την πρόταση αυτή.
M	76	GREEK_PARTICLE_EXTRA_N_1	1	21	24	Other	Το τελικό ν διατηρείται στον γραπτό λόγο, μόνο όταν η επόμενη λέξη αρχίζει από φωνήεν ή από ένα από τα: κ, π, τ, γκ, μπ, ντ, τσ, τζ, ξ, ψ. Χρησιμοποιήστε <suggestion>δε</suggestion>	δε
L	77	Για παράδειγμα ορισμένα μονόμετρα μεγέθη είναι η μάζα, ο χρόνος, η θερμοκρασία, το ηλεκτρικό φορτίο ενώ ορισμένα διανυσματικά είναι η ταχύτητα, η επιτάχυνση, η μετατόπιση.
M	77	GREEK_PUNC_2	2	0	14	Other	Συνήθως χρειάζεται κόμμα μετά από προτασιακό επίρρημα στην αρχή πρότασης: <suggestion>Για παράδειγμα,</suggestion>	Για παράδειγμα,
M	77	MORFOLOGIK_RULE_EL_GR		24	33	UnknownWord	Βρέθηκε πιθανό ορθογραφικό λάθος	μανόμετρα
L	78	Για παράδειγμα, ορισμένα μονόμετρα μεγέθη είναι η μάζα, ο χρόνος, η θερμοκρασία, το ηλεκτρικό φορτίο ενώ ορισμένα διανυσματικά είναι η ταχύτητα, η επιτάχυνση, η μετατόπιση.
M	78	MORFOLOGIK_RULE_EL_GR		25	34	UnknownWord	Βρέθηκε πιθανό ορθογραφικό λάθος	μανόμετρα
L	79	Κι όμως Κι όμως, κινείται!
M	79	GREEK_PUNC_2	3	0	7	Other	Συνήθως χρειάζεται κόμμα μετά από προτασιακό επίρρημα στην αρχή πρότασης: <suggestion>Κι όμως,</suggestion>	Κι όμως,
M	79	GREEK_STYLE_AND	1	8	10	Hint	Το κι πρέπει να αποφεύγεται σε επιστημονικά κείμενα και στον επίσημο λόγο. Χρησιμοποιήστε <suggestion>και</suggestion>.	Και
L	80	Κι όμως, κινείται!
M	80	GREEK_STYLE_AND	1	0	2	Hint	Το κι πρέπει να αποφεύγεται σε επιστημονικά κείμενα και στον επίσημο λόγο. Χρησιμοποιήστε <suggestion>και</suggestion>.	Και
L	81	Μην το ξεχάσετε!!
M	81	GREEK_PUNC_MULTIPLE_EXCLAMATION	1	15	17	Other	Αποφύγετε τη χρήση πολλών θαυμαστικών: <suggestion>!</suggestion>	!
L	82	Μην το ξεχάσετε!
L	83	Η Επιτροπή κατέβαλε κάθε προσπάθεια για να αποτρέψει την εξέλιξη αυτή, αλλά δυστυχώς...
M	83	GREEK_PUNC_DOTS_INSTEAD_OF_ELLIPSIS	1	84	87	Other	Χρησιμοποιήστε τον χαρακτήρα <suggestion>…</suggestion>	…
L	84	Η Επιτροπή κατέβαλε κάθε προσπάθεια για να αποτρέψει την εξέλιξη αυτή, αλλά δυστυχώς…
L	85	Η Επιτροπή κατέβαλε κάθε προσπάθεια για να αποτρέψει την εξέλιξη αυτή, αλλά δυστυχώς….
M	85	GREEK_PUNC_DOT_AFTER_ELLIPSIS	1	84	86	Other	Ύστερα από αποσιωπητικά, η τελεία είναι περιττή. <suggestion>…</suggestion>	…
L	86	Η Επιτροπή κατέβαλε κάθε προσπάθεια για να αποτρέψει την εξέλιξη αυτή, αλλά δυστυχώς…
L	87	Για το σκοπό αυτό αποφασίστηκε η δημιουργία κι ενός μπουκαλιού με χαρακτηριστικό σχήμα.
M	87	GREEK_ART_MASC_MISSING_N	1	4	6	Other	Το τελικό ν του αρσενικού άρθρου διατηρείται στον γραπτό λόγο. Χρησιμοποιήστε <suggestion>τον</suggestion>	τον
M	87	GREEK_STYLE_AND	1	44	46	Hint	Το κι πρέπει να αποφεύγεται σε επιστημονικά κείμενα και στον επίσημο λόγο. Χρησιμοποιήστε <suggestion>και</suggestion>.	και
L	88	Για το σκοπό αυτό αποφασίστηκε η δημιουργία και ενός μπουκαλιού με χαρακτηριστικό σχήμα.
M	88	GREEK_ART_MASC_MISSING_N	1	4	6	Other	Το τελικό ν του αρσενικού άρθρου διατηρείται στον γραπτό λόγο. Χρησιμοποιήστε <suggestion>τον</suggestion>	τον
L	89	Έκδοση πιστωτικής κάρτας εν άγνοια του ενδιαφερόμενου.
M	89	GREEK_DATIVE_1	1	28	34	Other	Η λόγια πρόθεση «εν» συντάσσεται με δοτική. Χρησιμοποιήστε τον τύπο <suggestion>αγνοία</suggestion>.	αγνοία
L	90	Τις επόμενες μέρες θα ξέρουμε αν όλα αυτά έγιναν εν αγνοία του δημάρχου!
L	91	Δεν συνηθίζω να γράφω εν βρασμό ψυχής αλλά έλεος.
M	91	GREEK_PARTICLE_EXTRA_N_1	1	0	3	Other	Το τελικό ν διατηρείται στον γραπτό λόγο, μόνο όταν η επόμενη λέξη αρχίζει από φωνήεν ή από ένα από τα: κ, π, τ, γκ, μπ, ντ, τσ, τζ, ξ, ψ. Χρησιμοποιήστε <suggestion>δε</suggestion>	Δε
M	91	GREEK_DATIVE_2	1	25	31	Other	Η λόγια πρόθεση «εν» συντάσσεται με δοτική. Χρησιμοποιήστε τον τύπο <suggestion>βρασμώ</suggestion>.	βρασμώ
L	92	Αυτή η οδυνηρή πραγματικότητα οδήγησε τον μέσο πολίτη να ψηφίσει εν βρασμώ ψυχής.
L	93	Είναι εμφανές ότι η ραγδαία αύξηση συμπίπτει με τη βιομηχανική επανάσταση και την εν γένη τεχνολογική πρόοδο του ανθρώπινου είδους.
M	93	GREEK_DATIVE_3	1	85	89	Other	Η λόγια πρόθεση «εν» συντάσσεται με δοτική. Χρησιμοποιήστε τον τύπο <suggestion>γένει</suggestion>.	γένει
L	94	Ο φόρος συγκέντρωσης κεφαλαίων των εταιρειών εν γένει.
L	95	Η αστυνομική διεύθυνση εν γνώση της περιόρισε τη φύλαξη έξω από τα εκδοτήρια.
M	95	GREEK_DATIVE_4	1	26	31	Other	Η λόγια πρόθεση «εν» συντάσσεται με δοτική. Χρησιμοποιήστε τον τύπο <suggestion>γνώσει</suggestion>.	γνώσει
L	96	Ραδιενεργή ουσία στα τσιγάρα εν γνώσει των καπνοβιομηχανιών.
L	97	ο εν διαστάση σύζυγος μου συνεχίζει και παίρνει το μερος των δικών του.
M	97	UPPERCASE_SENTENCE_START		0	1	Other	Η πρόταση δεν ξεκινάει με κεφαλαίο γράμμα	Ο
M	97	GREEK_DATIVE_5	1	5	13	Other	Η λόγια πρόθεση «εν» συντάσσεται με δοτική. Χρησιμοποιήστε τον τύπο <suggestion>διαστάσει</suggestion>.	διαστάσει
M	97	MORFOLOGIK_RULE_EL_GR		51	56	UnknownWord	Βρέθηκε πιθανό ορθογραφικό λάθος	μέρος|Ίμερος|Λέρος|Μάρος|Μέμος|Μένος|Μέροψ|ήμερος|ίμερος|αέρος|βέρος|γέρος|γερός|θέρος|ιερός|λερός|μέλος|μένος|μέρας|μέρες|μέρους|μέσος|μερίς|μηρός|μπρος|μωρός|μύρος|ξερός
L	98	Πυροβόλησε και σκότωσε την εν διάσταση σύζυγο.
M	98	GREEK_DATIVE_5	1	30	38	Other	Η λόγια πρόθεση «εν» συντάσσεται με δοτική. Χρησιμοποιήστε τον τύπο <suggestion>διαστάσει</suggestion>.	διαστάσει
L	99	H φορολογική μεταχείριση των εν διαστάσει συζύγων.
L	100	Κατασκευασμένο από γαλβανισμένο εν θερμό χάλυβα.
M	100	GREEK_DATIVE_6	1	35	40	Other	Η λόγια πρόθεση «εν» συντάσσεται με δοτική. Χρησιμοποιήστε τον τύπο <suggestion>θερμώ</suggestion>.	θερμώ
L	101	Στο γαλβάνισμα η επίστρωση γίνεται εν θερμώ μέσα σε δεξαμενή.
M	101	MORFOLOGIK_RULE_EL_GR		4	14	UnknownWord	Βρέθηκε πιθανό ορθογραφικό λάθος	γαλβάνισα|γαλβανισμέ|γαλβανισμό
L	102	Εάν παραμένεις συνέχεια εν κίνηση διάλεξε παπούτσια με την επίπεδη σόλα.
M	102	GREEK_DATIVE_7	1	27	33	Other	Η λόγια πρόθεση «εν» συντάσσεται με δοτική. Χρησιμοποιήστε τον τύπο <suggestion>κινήσει</suggestion>.	κινήσει
L	103	Ενημερώστε τους πελάτες εν κινήση!
M	103	GREEK_DATIVE_7	1	27	33	Other	Η λόγια πρόθεση «εν» συντάσσεται με δοτική. Χρησιμοποιήστε τον τύπο <suggestion>κινήσει</suggestion>.	κινήσει
L	104	Πέταξε το σκουπίδι απ' το παράθυρο του αυτοκινήτου εν κινήσει.
L	105	Ξεχνά η κυβέρνηση ότι παραδίδει εν λευκό στους ιδιώτες την περιουσία του ελληνικού λαού!
M	105	GREEK_DATIVE_8	1	35	40	Other	Η λόγια πρόθεση «εν» συντάσσεται με δοτική. Χρησιμοποιήστε τον τύπο <suggestion>λευκώ</suggestion>.	λευκώ
L	106	Τον άφησα να χειριστεί την υπόθεση εν λευκώ.
L	107	Διαβάστε το εν λόγο κείμενο πιο κάτω.
M	107	GREEK_DATIVE_9	1	15	19	Other	Η λόγια πρόθεση «εν» συντάσσεται με δοτική. Χρησιμοποιήστε τον τύπο <suggestion>λόγω</suggestion>.	λόγω
L	108	Οι εν λόγω οδηγίες συμβάλλουν στην ανάπτυξη και διατήρηση της δημιουργικότητας.
L	109	Με εν μέρη ξάστερο ουρανό αναμένεται η βραδιά.
M	109	GREEK_DATIVE_10	1	6	10	Other	Η λόγια πρόθεση «εν» συντάσσεται με δοτική. Χρησιμοποιήστε τον τύπο <suggestion>μέρει</suggestion>.	μέρει
L	110	Τα αίτια της ψυχοπάθειας είναι εν μέρει γενετικά και εν μέρει περιβαλλοντικά.
L	111	Αυξημένα τα μέτρα της Τροχαίας εν όψη του τριημέρου.
M	111	GREEK_DATIVE_11	1	34	37	Other	Η λόγια πρόθεση «εν» συντάσσεται με δοτική. Χρησιμοποιήστε τον τύπο <suggestion>όψει</suggestion>.	όψει
L	112	Εν όψει των εκλογών απαγορεύονται οι δημοσκοπήσεις.
L	113	Βίντεο ντοκουμέντο από την εν ψυχρό δολοφονία.
M	113	GREEK_DATIVE_12	1	30	35	Other	Η λόγια πρόθεση «εν» συντάσσεται με δοτική. Χρησιμοποιήστε τον τύπο <suggestion>ψυχρώ</suggestion>.	ψυχρώ
L	114	Νέα στοιχεία για την εν ψυχρώ εκτέλεση.
L	115	Εν το μεταξύ ανάμεσα στο πλήθος υπήρχε και μια γριούλα.
M	115	GREEK_DATIVE_13	1	3	5	Other	Η λόγια πρόθεση «εν» συντάσσεται με δοτική. Χρησιμοποιήστε τον τύπο <suggestion>τω</suggestion>.	τω
L	116	Εν τω μεταξύ στη Σομαλία έγινε μια ακόμα τρομοκρατική επίθεση η οποία στοίχησε τη ζωή σε πάνω από 300 άτομα.
L	117	Εν την ρύμη του λόγου η φράση για την αριστεία.
M	117	GREEK_DATIVE_14	1	3	6	Other	Η λόγια πρόθεση «εν» συντάσσεται με δοτική. Χρησιμοποιήστε τον τύπο <suggestion>τη</suggestion>.	τη
L	118	Εν τη ρύμη του λόγου η φράση για την αριστεία.
