L	1	То се догодило 31. новембра 2014.
M	1	INVALID_DATE	1	15	27	Other	У овом месецу има само 30 дана.	
L	2	То се догодило 30. новембра2014. г.
M	2	UPPERCASE_SENTENCE_START		33	34	Other	Ова реченица не почиње великим словом	Г
L	3	То је било 31.4.2014.
M	3	INVALID_DATE	2	11	16	Other	Овај месец има само 30 дана.	
L	4	То је било 31.04..
M	4	INVALID_DATE	2	11	17	Other	Овај месец има само 30 дана.	
L	5	То је било 31.11..
M	5	INVALID_DATE	2	11	17	Other	Овај месец има само 30 дана.	
L	6	То је било 30.11..
M	6	DOUBLE_PUNCTUATION		16	18	Other	Две узастопне тачке	.|…
L	7	То је било 30.10..
M	7	DOUBLE_PUNCTUATION		16	18	Other	Две узастопне тачке	.|…
L	8	То је било 31. фебруара.
M	8	INVALID_DATE	3	11	23	Other	Фебруар има само 28 дана (односно 29 ако је година преступна).	
L	9	То је било 30. фебруара.
M	9	INVALID_DATE	3	11	23	Other	Фебруар има само 28 дана (односно 29 ако је година преступна).	
L	10	То је било 28. фебруара.
L	11	То је било 31.02..
M	11	INVALID_DATE	4	11	17	Other	Фебруар има само 28 дана (односно 29 ако је година преступна).	
L	12	То је било 31.2..
M	12	INVALID_DATE	4	11	16	Other	Фебруар има само 28 дана (односно 29 ако је година преступна).	
L	13	То је било 28.2..
M	13	DOUBLE_PUNCTUATION		15	17	Other	Две узастопне тачке	.|…
L	14	То је било 28.02..
M	14	DOUBLE_PUNCTUATION		16	18	Other	Две узастопне тачке	.|…
L	15	То је било 32.8.2014.
M	15	INVALID_DATE	5	11	20	Other	У овом датуму дан је погрешан.	
L	16	То је било 55.8.2014.
M	16	INVALID_DATE	5	11	20	Other	У овом датуму дан је погрешан.	
L	17	То је било 32. авг. 2014.
L	18	То је било 30.8.2014.
L	19	То је било 32. августа 2014.
M	19	INVALID_DATE	6	11	27	Other	У овом датуму дан је погрешан.	
L	20	То је било 30. августа 2014.
L	21	То је било 11.13.2014.
M	21	INVALID_DATE	7	11	21	Other	У овом датуму месец је погрешан.	
L	22	То је било 11.20.2014.
M	22	INVALID_DATE	7	11	21	Other	У овом датуму месец је погрешан.	
L	23	То је било 11.12.2014.
L	24	Дана 29. феб. 1900.
L	25	Дана 29.02.1900.
M	25	INVALID_DATE	8	5	15	Other	Фебруар 1900 нема 29 дана зато што то није преступна година.	
L	26	Дана 29.2.1900.
M	26	INVALID_DATE	8	5	14	Other	Фебруар 1900 нема 29 дана зато што то није преступна година.	
L	27	Дана 29.2.2000.
L	28	Дана 29.2.2001.
M	28	INVALID_DATE	8	5	14	Other	Фебруар 2001 нема 29 дана зато што то није преступна година.	
L	29	Дана 29.2.2002.
M	29	INVALID_DATE	8	5	14	Other	Фебруар 2002 нема 29 дана зато што то није преступна година.	
L	30	Дана 29.2.2003.
M	30	INVALID_DATE	8	5	14	Other	Фебруар 2003 нема 29 дана зато што то није преступна година.	
L	31	Дана 29.2.2004.
L	32	Дана 29.2.2005.
M	32	INVALID_DATE	8	5	14	Other	Фебруар 2005 нема 29 дана зато што то није преступна година.	
L	33	Дана 29.2.2006.
M	33	INVALID_DATE	8	5	14	Other	Фебруар 2006 нема 29 дана зато што то није преступна година.	
L	34	Дана 29.2.2007.
M	34	INVALID_DATE	8	5	14	Other	Фебруар 2007 нема 29 дана зато што то није преступна година.	
L	35	Дана 29.2.2008.
L	36	Дана 29.2.2009.
M	36	INVALID_DATE	8	5	14	Other	Фебруар 2009 нема 29 дана зато што то није преступна година.	
L	37	Дана 29.2.2010.
M	37	INVALID_DATE	8	5	14	Other	Фебруар 2010 нема 29 дана зато што то није преступна година.	
L	38	Дана 29.2.2011.
M	38	INVALID_DATE	8	5	14	Other	Фебруар 2011 нема 29 дана зато што то није преступна година.	
L	39	Дана 29.2.2012.
L	40	Дана 29.2.2014.
M	40	INVALID_DATE	8	5	14	Other	Фебруар 2014 нема 29 дана зато што то није преступна година.	
L	41	Дана 29.2.2016.
L	42	Дана 29.2.2018.
M	42	INVALID_DATE	8	5	14	Other	Фебруар 2018 нема 29 дана зато што то није преступна година.	
L	43	Дана 29.2.2020.
L	44	Дана 29.2.2100.
M	44	INVALID_DATE	8	5	14	Other	Фебруар 2100 нема 29 дана зато што то није преступна година.	
L	45	Дана 29. фебруара 2012.
L	46	Дана 29. фебруара 2014.
M	46	INVALID_DATE	9	5	22	Other	Фебруар 2014 нема 29 дана зато што то није преступна година.	
L	47	Планирао сам распуст маја 20014.
M	47	YEAR_20001	1	21	31	Other	Заиста 20014? Или је <suggestion>маја 2014</suggestion>?	маја 2014
L	48	Провери то на example,com .
M	48	ZAPETA_TLD	1	14	25	Other	Могућа грешка писања: Хтедосте ли написати <suggestion>example.com</suggestion>?	example.com
M	48	COMMA_PARENTHESIS_WHITESPACE		25	27	Other	Не стављајте размак пре тачке	.
L	49	Штранд је Новосадска плажа.
M	49	SR_ADJ_LOWER_LETTER_CASE	1	10	20	Other	Придев <suggestion>новосадска</suggestion> пише се малим почетним словом.	новосадска
