L	1	புது மா கோலம் போடு மயிலே.
M	1	noun_noun	1	5	13	Other	ஓரெழுத்துப் பெயர்ச்சொல்லின் பின் வல்லெழுத்து வந்தால், ஒற்று மிகும்: <suggestion>மாக்கோலம்</suggestion>	மாக்கோலம்
L	2	ஒலிம்பிக் தீ சுடர்.
M	2	noun_noun	2	10	18	Other	ஓரெழுத்துப் பெயர்ச்சொல்லின் பின் வல்லெழுத்து வந்தால், ஒற்று மிகும்: <suggestion>தீச்சுடர்</suggestion>	தீச்சுடர்
L	3	தை திங்கள் மலரட்டும்.
M	3	noun_noun	3	0	10	Other	ஓரெழுத்துப் பெயர்ச்சொல்லின் பின் வல்லெழுத்து வந்தால், ஒற்று மிகும்: <suggestion>தைத்திங்கள்</suggestion>	தைத்திங்கள்
L	4	அவர்கள் தீ பந்தங்களோடு வந்தனர்.
M	4	noun_noun	4	8	22	Other	ஓரெழுத்துப் பெயர்ச்சொல்லின் பின் வல்லெழுத்து வந்தால், ஒற்று மிகும்: <suggestion>தீப்பந்தங்களோடு</suggestion>	தீப்பந்தங்களோடு
L	5	நான் இது பற்றி உன்னிடம் நாளை பேசுகிறேன்.
M	5	noun_suffix_1	1	5	14	Other	வேற்றுமை உருபு இல்லா சொல்பின் கீழ், பற்றி முதலியன சேர்ந்து வரும்: <suggestion>இதுபற்றி</suggestion>	இதுபற்றி
M	5	Ends_in_Ai_1	4	24	39	Other	2 ஆம் வேற்றுமை உருபாகிய 'ஐ' பின் ஒற்று மிகும்: <suggestion>நாளைப் பேசுகிறேன்</suggestion>	நாளைப் பேசுகிறேன்
L	6	இலங்கையிலுள்ள வங்கிக் கிளை மீது தாக்குதல்.
M	6	uLLa	6	0	13	Other	'இருக்கிற' என்ற பொருளில் வரும்போது இடம்விட வேண்டும்: <suggestion>இலங்கையில் உள்ள</suggestion>	இலங்கையில் உள்ள
M	6	noun_suffix_1	1	22	31	Other	வேற்றுமை உருபு இல்லா சொல்பின் கீழ், பற்றி முதலியன சேர்ந்து வரும்: <suggestion>கிளைமீது</suggestion>	கிளைமீது
L	7	காஸ்ட்ரோ ஆட்சியின்கீழ் கியூபா வந்தது.
M	7	noun_suffix_1A	1	9	22	Other	வேற்றுமை உருபு ஏற்ற சொல்பின் 'கீழ்'  வந்தால் இடம்விட வேண்டும்: <suggestion>ஆட்சியின் கீழ்</suggestion>	ஆட்சியின் கீழ்
L	8	இந்த நாளைக்குறித்த ஒரு புரிதல் அவர்களிடம் இல்லை.
M	8	noun_suffix_1B	1	5	18	Other	வேற்றுமை உருபு ஏற்ற சொல்பின் 'குறித்த'  வந்தால் இடம்விட வேண்டும்: <suggestion>நாளைக் குறித்த</suggestion>	நாளைக் குறித்த
L	9	அவர்களைக்குறித்து எழுதிய தலைப்பு.
M	9	noun_suffix_1C	1	0	17	Other	வேற்றுமை உருபு ஏற்ற சொல்பின் 'குறித்து'  வந்தால் இடம்விட வேண்டும்: <suggestion>அவர்களைக் குறித்து</suggestion>	அவர்களைக் குறித்து
L	10	இவற்றைப்பற்றி யாராவது எழுதுங்களேன்!
M	10	noun_suffix_1D	1	0	13	Other	வேற்றுமை உருபு ஏற்ற சொல்பின் 'பற்றி'  வந்தால் இடம்விட வேண்டும்: <suggestion>இவற்றைப் பற்றி</suggestion>	இவற்றைப் பற்றி
L	11	இவற்றைப்பற்றிக் கொஞ்சம் சொல்லுங்கள்!
M	11	noun_suffix_1D	2	0	15	Other	வேற்றுமை உருபு ஏற்ற சொல்பின் 'பற்றி'  வந்தால் இடம்விட வேண்டும்: <suggestion>இவற்றைப் பற்றிக்</suggestion>	இவற்றைப் பற்றிக்
L	12	இவற்றைப்பற்றிச் சொல்லேன்!
M	12	noun_suffix_1D	3	0	15	Other	வேற்றுமை உருபு ஏற்ற சொல்பின் 'பற்றி'  வந்தால் இடம்விட வேண்டும்: <suggestion>இவற்றைப் பற்றிச்</suggestion>	இவற்றைப் பற்றிச்
L	13	இவற்றைப்பற்றித் தயங்காமல் சொல்!
M	13	noun_suffix_1D	4	0	15	Other	வேற்றுமை உருபு ஏற்ற சொல்பின் 'பற்றி'  வந்தால் இடம்விட வேண்டும்: <suggestion>இவற்றைப் பற்றித்</suggestion>	இவற்றைப் பற்றித்
L	14	இவற்றைப்பற்றிப் பயமில்லாமல் எழுது!
M	14	noun_suffix_1D	5	0	15	Other	வேற்றுமை உருபு ஏற்ற சொல்பின் 'பற்றி'  வந்தால் இடம்விட வேண்டும்: <suggestion>இவற்றைப் பற்றிப்</suggestion>	இவற்றைப் பற்றிப்
M	14	illaamal2	2	16	27	Other	பெயர்ச்சொற்களின் பின் 'இல்லாமல்' வந்தால் பிரித்தே எழுதப்படுகிறது: <suggestion>பயம் இல்லாமல்</suggestion>	பயம் இல்லாமல்
L	15	அதைப்பற்றிய எழுத்துகள் உள்ளனவா?
M	15	noun_suffix_1D	6	0	11	Other	வேற்றுமை உருபு ஏற்ற சொல்பின் 'பற்றிய'  வந்தால் இடம்விட வேண்டும்: <suggestion>அதைப் பற்றிய</suggestion>	அதைப் பற்றிய
L	16	அதைப்பற்றியக் கட்டுரைகள் உள்ளனவா?
M	16	noun_suffix_1D	7	0	13	Other	வேற்றுமை உருபு ஏற்ற சொல்பின் 'பற்றிய'  வந்தால் இடம்விட வேண்டும்: <suggestion>அதைப் பற்றியக்</suggestion>	அதைப் பற்றியக்
L	17	அதைப்பற்றியச் செய்திகள் உள்ளனவா?
M	17	noun_suffix_1D	8	0	13	Other	வேற்றுமை உருபு ஏற்ற சொல்பின் 'பற்றிய'  வந்தால் இடம்விட வேண்டும்: <suggestion>அதைப் பற்றியச்</suggestion>	அதைப் பற்றியச்
L	18	அதைப்பற்றியத் தலைப்புகள் உள்ளனவா?
M	18	noun_suffix_1D	9	0	13	Other	வேற்றுமை உருபு ஏற்ற சொல்பின் 'பற்றிய'  வந்தால் இடம்விட வேண்டும்: <suggestion>அதைப் பற்றியத்</suggestion>	அதைப் பற்றியத்
L	19	அதைப்பற்றியப் பக்கங்கள் உள்ளனவா?
M	19	noun_suffix_1D	10	0	13	Other	வேற்றுமை உருபு ஏற்ற சொல்பின் 'பற்றிய'  வந்தால் இடம்விட வேண்டும்: <suggestion>அதைப் பற்றியப்</suggestion>	அதைப் பற்றியப்
L	20	அரசு அழைப்பின்பேரில் வந்திருக்கிறார்.
M	20	noun_suffix_1E	1	5	20	Other	வேற்றுமை உருபு ஏற்ற சொல்பின் 'பேரில்'  வந்தால் இடம்விட வேண்டும்: <suggestion>அழைப்பின் பேரில்</suggestion>	அழைப்பின் பேரில்
L	21	இதைப்போல அமை.
M	21	noun_suffix_1F	1	0	8	Other	வேற்றுமை உருபு ஏற்ற சொல்பின் 'போல'  வந்தால் இடம்விட வேண்டும்: <suggestion>இதைப் போல</suggestion>	இதைப் போல
L	22	இதைப்போலக் கேள்.
M	22	noun_suffix_1F	2	0	10	Other	வேற்றுமை உருபு ஏற்ற சொல்பின் 'போல'  வந்தால் இடம்விட வேண்டும்: <suggestion>இதைப் போலக்</suggestion>	இதைப் போலக்
L	23	இதைப்போலச் சொல்.
M	23	noun_suffix_1F	3	0	10	Other	வேற்றுமை உருபு ஏற்ற சொல்பின் 'போல'  வந்தால் இடம்விட வேண்டும்: <suggestion>இதைப் போலச்</suggestion>	இதைப் போலச்
L	24	இதைப்போலத் தட்டு.
M	24	noun_suffix_1F	4	0	10	Other	வேற்றுமை உருபு ஏற்ற சொல்பின் 'போல'  வந்தால் இடம்விட வேண்டும்: <suggestion>இதைப் போலத்</suggestion>	இதைப் போலத்
L	25	இதைப்போலப் பாடு.
M	25	noun_suffix_1F	5	0	10	Other	வேற்றுமை உருபு ஏற்ற சொல்பின் 'போல'  வந்தால் இடம்விட வேண்டும்: <suggestion>இதைப் போலப்</suggestion>	இதைப் போலப்
L	26	அதைப்போல் செய்.
M	26	noun_suffix_1F	6	0	9	Other	வேற்றுமை உருபு ஏற்ற சொல்பின் 'போல்'  வந்தால் இடம்விட வேண்டும்: <suggestion>அதைப் போல்</suggestion>	அதைப் போல்
L	27	இது பொதுவாக வீடு தோறும் இருக்கக் கூடிய பிரச்சனைதான்.
M	27	noun_suffix_2	1	12	23	Other	தோறும் என்ற பின்னொட்டைப் பெயரோடு சேர்த்தே எழுதவேண்டும்: <suggestion>வீடுதோறும்</suggestion>	வீடுதோறும்
M	27	kuudiya	1	24	38	Other	வினையெச்சத்தின் பின் 'கூடிய' வந்தால் சேர்த்து எழுத வேண்டும்: <suggestion>இருக்கக்கூடிய</suggestion>	இருக்கக்கூடிய
L	28	வாரம் தோறும் அம்மாவைப் பார்க்க உருக்குச் சென்றுவிடுவேன்.
M	28	noun_suffix_2	2	0	12	Other	தோறும் என்ற பின்னொட்டைப் பெயரோடு சேர்த்தே எழுதவேண்டும்: <suggestion>வாரந்தோறும்</suggestion>	வாரந்தோறும்
L	29	அந்நாடதத்தை அவன் பின்னிருக்கையிலிருந்து பார்த்து கொண்டிருந்தான்.
M	29	Ends_in_IU_1	1	40	63	Other	'ஓடி' போன்ற ('செய்து' என்னும்) வினையெச்சத்தின் பின் ஒற்று மிகும்: <suggestion>பார்த்துக் கொண்டிருந்தான்</suggestion>	பார்த்துக் கொண்டிருந்தான்
L	30	கொடுத்த பணியை அவன் அமைதியாகச் செய்து கொண்டிருந்தான்.
M	30	vinai_vinai	2	30	51	Other	துணை வினையை முதன்மை வினையோடு சேர்த்து எழுத வேண்டும்: <suggestion>செய்துகொண்டிருந்தான்</suggestion>	செய்துகொண்டிருந்தான்
L	31	அந்நாடதத்தை அவன் பின்னிருக்கையிலிருந்து பார்த்துக் கொண்டிருந்தான்.
M	31	vinai_vinai	3	40	65	Other	துணை வினையை முதன்மை வினையோடு சேர்த்து எழுத வேண்டும்: <suggestion>பார்த்துக்கொண்டிருந்தான்</suggestion>	பார்த்துக்கொண்டிருந்தான்
L	32	அவன் தன் நிலையை நினைத்து வருந்தி சாகிறான்.
M	32	Ends_in_IU_1	2	25	41	Other	'ஓடி' போன்ற ('செய்து' என்னும்) வினையெச்சத்தின் பின் ஒற்று மிகும்: <suggestion>வருந்திச் சாகிறான்</suggestion>	வருந்திச் சாகிறான்
L	33	ஆசிரியரைக் கண்டு அவன் மிரண்டு சாகிறான்.
M	33	vinai_vinai	5	22	38	Other	துணை வினையை முதன்மை வினையோடு சேர்த்து எழுத வேண்டும்: <suggestion>மிரண்டுசாகிறான்</suggestion>	மிரண்டுசாகிறான்
L	34	அவன் தன் நிலையை நினைத்து வருந்திச் சாகிறான்.
M	34	vinai_vinai	6	25	43	Other	துணை வினையை முதன்மை வினையோடு சேர்த்து எழுத வேண்டும்: <suggestion>வருந்திச்சாகிறான்</suggestion>	வருந்திச்சாகிறான்
L	35	எதற்கும் பயனில்லாத அந்த மரத்தை வெட்டி தள்ளு.
M	35	Ends_in_IU_1	3	31	43	Other	'ஓடி' போன்ற ('செய்து' என்னும்) வினையெச்சத்தின் பின் ஒற்று மிகும்: <suggestion>வெட்டித் தள்ளு</suggestion>	வெட்டித் தள்ளு
L	36	தரம்பற்றிக் கவலைப்படாமல் கதைகளை எழுதித் தள்ளிவிட்டார்.
M	36	vinai_vinai	8	32	53	Other	துணை வினையை முதன்மை வினையோடு சேர்த்து எழுத வேண்டும்: <suggestion>எழுதித்தள்ளிவிட்டார்</suggestion>	எழுதித்தள்ளிவிட்டார்
L	37	அவனை இங்கு வர செய்.
M	37	Ends_in_A_2	2	11	18	Other	'போக', 'வர', போன்ற செய்ய என்னும் வினையெச்சங்களின் பின் ஒற்று மிகும்: <suggestion>வரச் செய்</suggestion>	வரச் செய்
L	38	அவனை இங்கு வர வை.
M	38	vinaiyeccham_vinai	2	11	16	Other	செ(ய்)ய என்னும் வினையெச்சத்துடன் காரண வினை சேர்ந்து வரும்: <suggestion>வரவை</suggestion>	வரவை
L	39	அவனை இங்கு வரவை.
L	40	அவனை இங்கு வரச் செய்.
M	40	vinaiyeccham_vinai	3	11	20	Other	செ(ய்)ய என்னும் வினையெச்சத்துடன் காரண வினை சேர்ந்து வரும்: <suggestion>வரச்செய்</suggestion>	வரச்செய்
L	41	அவனை இங்கு வரச்செய்.
L	42	அவ் அமைப்பு.
M	42	aie_noun	1	0	11	Other	அடுத்து வரும் சொல்லோடு இச்சுட்டெழுத்து சேர்த்தே எழுதப்படுகிறது: <suggestion>அவ்வமைப்பு</suggestion>	அவ்வமைப்பு
L	43	அவ் ஆடு.
M	43	aie_noun	2	0	7	Other	அடுத்து வரும் சொல்லோடு இச்சுட்டெழுத்து சேர்த்தே எழுதப்படுகிறது: <suggestion>அவ்வாடு</suggestion>	அவ்வாடு
L	44	அவ் இலை.
M	44	aie_noun	3	0	7	Other	அடுத்து வரும் சொல்லோடு இச்சுட்டெழுத்து சேர்த்தே எழுதப்படுகிறது: <suggestion>அவ்விலை</suggestion>	அவ்விலை
L	45	அவ் ஈட்டி.
M	45	aie_noun	4	0	9	Other	அடுத்து வரும் சொல்லோடு இச்சுட்டெழுத்து சேர்த்தே எழுதப்படுகிறது: <suggestion>அவ்வீட்டி</suggestion>	அவ்வீட்டி
L	46	அவ் உலகம்.
M	46	aie_noun	5	0	9	Other	அடுத்து வரும் சொல்லோடு இச்சுட்டெழுத்து சேர்த்தே எழுதப்படுகிறது: <suggestion>அவ்வுலகம்</suggestion>	அவ்வுலகம்
L	47	அவ் ஊர்.
M	47	aie_noun	6	0	7	Other	அடுத்து வரும் சொல்லோடு இச்சுட்டெழுத்து சேர்த்தே எழுதப்படுகிறது: <suggestion>அவ்வூர்</suggestion>	அவ்வூர்
L	48	அவ் எலி.
M	48	aie_noun	7	0	7	Other	அடுத்து வரும் சொல்லோடு இச்சுட்டெழுத்து சேர்த்தே எழுதப்படுகிறது: <suggestion>அவ்வெலி</suggestion>	அவ்வெலி
L	49	அவ் ஏணி.
M	49	aie_noun	8	0	7	Other	அடுத்து வரும் சொல்லோடு இச்சுட்டெழுத்து சேர்த்தே எழுதப்படுகிறது: <suggestion>அவ்வேணி</suggestion>	அவ்வேணி
L	50	அவ் ஐயர்.
M	50	aie_noun	9	0	8	Other	அடுத்து வரும் சொல்லோடு இச்சுட்டெழுத்து சேர்த்தே எழுதப்படுகிறது: <suggestion>அவ்வையர்</suggestion>	அவ்வையர்
L	51	அவ் ஒளி.
M	51	aie_noun	10	0	7	Other	அடுத்து வரும் சொல்லோடு இச்சுட்டெழுத்து சேர்த்தே எழுதப்படுகிறது: <suggestion>அவ்வொளி</suggestion>	அவ்வொளி
L	52	அவ் ஓடம்.
M	52	aie_noun	11	0	8	Other	அடுத்து வரும் சொல்லோடு இச்சுட்டெழுத்து சேர்த்தே எழுதப்படுகிறது: <suggestion>அவ்வோடம்</suggestion>	அவ்வோடம்
L	53	அக் காலத்துக் கட்டிடக்கலை.
M	53	aie_noun	12	0	13	Other	அடுத்து வரும் சொல்லோடு இச்சுட்டெழுத்து சேர்த்தே எழுதப்படுகிறது: <suggestion>அக்காலத்துக்</suggestion>	அக்காலத்துக்
L	54	இதற்குக் கவலைப்படல் ஆகாது.
M	54	aakaadhu	1	9	25	Other	'கூடாது' என்னும் பொருளில் வரும்போது சேர்த்து எழுதப்படுகிறது: <suggestion>கவலைப்படலாகாது</suggestion>	கவலைப்படலாகாது
L	55	இன்று அவர் நம் இடையில் இல்லை.
M	55	idayil	1	11	22	Other	'உடன்'/'ஓடு'/'நடுவில்' என்னும் பொருளில் 'இடையில்' வந்தால் சேர்த்து எழுதவேண்டும்: <suggestion>நம்மிடையில்</suggestion>	நம்மிடையில்
L	56	நண்பர்களாக இருக்கும் உங்கள் இடையே காதலா?
M	56	idayil	1	21	33	Other	'உடன்'/'ஓடு'/'நடுவில்' என்னும் பொருளில் 'இடையில்' வந்தால் சேர்த்து எழுதவேண்டும்: <suggestion>உங்கள்மிடையே</suggestion>	உங்கள்மிடையே
L	57	ஊர் மக்கள் இடையே ஒற்றுமை இல்லை.
M	57	idayil	3	4	16	Other	'உடன்'/'ஓடு'/'நடுவில்' என்னும் பொருளில் 'இடையில்' வந்தால் சேர்த்து எழுதவேண்டும்: <suggestion>மக்களிடையே</suggestion>	மக்களிடையே
L	58	இதற்கு இடையில் வேறு ஒரு சம்பவம் நடந்தது.
M	58	idayil	4	0	14	Other	'உடன்'/'ஓடு'/'நடுவில்' என்னும் பொருளில் 'இடையில்' வந்தால் சேர்த்து எழுதவேண்டும்: <suggestion>இதற்கிடையில்</suggestion>	இதற்கிடையில்
M	58	vERu	1	15	23	Other	'வேறு' அடுத்து வரும் ஒரு, ஒருவர் சேர்த்து எழுதப்படுகிறது: <suggestion>வேறொரு</suggestion>	வேறொரு
L	59	அவன் அங்கு இருந்து வீட்டுக்கு விரைந்தான்.
M	59	irunthu	1	5	18	Other	'நீக்கம்', 'தொடக்கம்' என்ற பொருளில் 'இருந்து' வந்தால் சேர்த்து எழுதவேண்டும்: <suggestion>அங்கிருந்து</suggestion>	அங்கிருந்து
L	60	எனக்குக் காலையில் இருந்து வேலை.
M	60	irunthu	2	9	25	Other	'நீக்கம்', 'தொடக்கம்' என்ற பொருளில் 'இருந்து' வந்தால் சேர்த்து எழுதவேண்டும்: <suggestion>காலையிலிருந்து</suggestion>	காலையிலிருந்து
L	61	நாளை அவர்களிடம் இருந்து தகவல் வரும்.
M	61	irunthu	2	5	23	Other	'நீக்கம்', 'தொடக்கம்' என்ற பொருளில் 'இருந்து' வந்தால் சேர்த்து எழுதவேண்டும்: <suggestion>அவர்களிடமிருந்து</suggestion>	அவர்களிடமிருந்து
L	62	எங்கோ இருந்து வந்த தலைமைகள்.
M	62	irunthu	3	0	13	Other	'நீக்கம்', 'தொடக்கம்' என்ற பொருளில் 'இருந்து' வந்தால் சேர்த்து எழுதவேண்டும்: <suggestion>எங்கோவிருந்து</suggestion>	எங்கோவிருந்து
L	63	திட்டியதோடு மட்டும் இல்லாமல் அடிக்கவும் செய்தான்.
M	63	illaamal	1	12	28	Other	'மட்டும்' என்ற சொல்லை அடுத்து 'இல்லாமல்' வந்தால் சேர்த்தே எழுதப்படுகிறது: <suggestion>மட்டுமில்லாமல்</suggestion>	மட்டுமில்லாமல்
L	64	மழையில்லாமல் பயிர் வாடுகிறது.
M	64	illaamal2	1	0	12	Other	பெயர்ச்சொற்களின் பின் 'இல்லாமல்' வந்தால் பிரித்தே எழுதப்படுகிறது: <suggestion>மழை இல்லாமல்</suggestion>	மழை இல்லாமல்
L	65	அறை போதிய வெளிச்சமில்லாமல் இருக்கிறது.
M	65	illaamal2	2	10	26	Other	பெயர்ச்சொற்களின் பின் 'இல்லாமல்' வந்தால் பிரித்தே எழுதப்படுகிறது: <suggestion>வெளிச்சம் இல்லாமல்</suggestion>	வெளிச்சம் இல்லாமல்
L	66	நெருப்பில்லாமல் புகையாது.
M	66	illaamal2	3	0	15	Other	பெயர்ச்சொற்களின் பின் 'இல்லாமல்' வந்தால் பிரித்தே எழுதப்படுகிறது: <suggestion>நெருப்பு இல்லாமல்</suggestion>	நெருப்பு இல்லாமல்
L	67	ஏன் உன் விழிகள் என்னைப் பார்ப்பது இல்லை?
M	67	illai	1	24	39	Other	'செய்வது' போன்ற தொழிற்பெயர்பின் 'இல்லை' வரும்போது சேர்த்து எழுதுவது சிறப்பு: <suggestion>பார்ப்பதில்லை</suggestion>	பார்ப்பதில்லை
L	68	அவன் இன்னும் வீட்டுக்கு வர இல்லை.
M	68	illai2	1	24	32	Other	'செ(ய்)ய' போன்ற வினையெச்சத்தின் பின் 'இல்லை' வந்தால் சேர்த்து எழுத வேண்டும்: <suggestion>வரவில்லை</suggestion>	வரவில்லை
L	69	உண்ண உணவு இன்றி மடிகின்றனர்.
M	69	indRi	1	5	15	Other	எல்லா வகைச் சொற்களோடும் 'இன்றி' சேர்த்தே எழுதப்படுகிறது: <suggestion>உணவின்றி</suggestion>	உணவின்றி
L	70	நாடாளுமன்றத்திற்குள் அனுமதி இன்றி நுழைய முடியாது.
M	70	indRi	2	21	33	Other	எல்லா வகைச் சொற்களோடும் 'இன்றி' சேர்த்தே எழுதப்படுகிறது: <suggestion>அனுமதியின்றி</suggestion>	அனுமதியின்றி
L	71	நான் நாளை திரும்பிய உடன் சந்தித்துப் பேசுவோம்.
M	71	udan	1	10	24	Other	'செய்த' போன்ற பெயரெச்சம்பின் சேர்த்து எழுத வேண்டும்: <suggestion>திரும்பியவுடன்</suggestion>	திரும்பியவுடன்
L	72	அவர் இங்கு வருவது உண்டு.
M	72	uNdu	1	11	23	Other	'செய்வது' போன்ற தொழிற்பெயர்பின் 'உண்டு' வரும்போது சேர்த்து எழுதுவது சிறப்பு: <suggestion>வருவதுண்டு</suggestion>	வருவதுண்டு
L	73	மனிதனுக்கு மரணமுண்டு.
M	73	uNdu2	1	11	20	Other	'இருக்கிறது' என்ற பொருளில் பெயர்ச்சொல் வரும்போது பிரித்து எழுதுவது சிறப்பு: <suggestion>மரணம் உண்டு</suggestion>	மரணம் உண்டு
L	74	பெண்களுக்கு உரிய மரியாதையைத் தா!
M	74	uriya	1	0	16	Other	'கு' உருபு ஏற்ற பெயர்களுடன் 'உரிய' சேர்த்து எழுதவேண்டும்: <suggestion>பெண்களுக்குரிய</suggestion>	பெண்களுக்குரிய
L	75	புறா உள்ள வீடு.
M	75	uLLa	1	0	9	Other	'ஒன்றனது/ஒருவரது' என வந்தால் சேர்த்து எழுத வேண்டும்: <suggestion>புறாவுள்ள</suggestion>	புறாவுள்ள
L	76	கை உள்ள பொம்மை.
M	76	uLLa	2	0	7	Other	'ஒன்றனது/ஒருவரது' என வந்தால் சேர்த்து எழுத வேண்டும்: <suggestion>கையுள்ள</suggestion>	கையுள்ள
L	77	வீடு உள்ள பரப்பு.
M	77	uLLa	3	0	9	Other	'ஒன்றனது/ஒருவரது' என வந்தால் சேர்த்து எழுத வேண்டும்: <suggestion>வீடுள்ள</suggestion>	வீடுள்ள
L	78	மனம் உள்ள மலர்.
M	78	uLLa	4	0	9	Other	'ஒன்றனது/ஒருவரது' என வந்தால் சேர்த்து எழுத வேண்டும்: <suggestion>மனமுள்ள</suggestion>	மனமுள்ள
L	79	உனக்கு உள்ள தைரியம் பாராட்டுக்குரியது.
M	79	uLLa	5	0	11	Other	'ஒன்றனது/ஒருவரது' என வந்தால் சேர்த்து எழுத வேண்டும்: <suggestion>உனக்குள்ள</suggestion>	உனக்குள்ள
L	80	உலகிலுள்ள விலங்குகளில் பூச்சிகளின் எண்ணிக்கையே மிக அதிகம்.
M	80	uLLa	6	0	9	Other	'இருக்கிற' என்ற பொருளில் வரும்போது இடம்விட வேண்டும்: <suggestion>உலகில் உள்ள</suggestion>	உலகில் உள்ள
L	81	ஜன்னல் கம்பிகளின் ஊடே உருவம் தெரிந்தது.
M	81	uudaaga	1	7	21	Other	'இன்' ஏற்ற பெயர்ச்சொல்லின் பின் சேர்த்து எழுத வேண்டும்: <suggestion>கம்பிகளினூடே</suggestion>	கம்பிகளினூடே
L	82	உனக்கு என்று வாங்கிய சட்டை.
M	82	enRu	1	0	12	Other	'ஒருவருக்காக/ஒன்றிற்காக' என்று வந்தால் சேர்த்து எழுத வேண்டும்: <suggestion>உனக்கென்று</suggestion>	உனக்கென்று
L	83	இயற்கையின் எழிலை என்ன என்று சொல்வேன்!
M	83	enRu	2	17	27	Other	'என்ன' என்ற சொல்லுடன் சேர்த்து எழுத வேண்டும்: <suggestion>என்னவென்று</suggestion>	என்னவென்று
L	84	புலி எனப் பாய்ந்தான்.
M	84	ena	1	0	9	Other	'போன்று', 'என்று' என்பதாக 'என' வந்தால் சேர்த்து எழுத வேண்டும்: <suggestion>புலியெனப்</suggestion>	புலியெனப்
L	85	அவர் என்ன சொன்னார் எனத் தெரியவில்லை, மறந்துவிட்டேன்.
M	85	ena	2	10	23	Other	'போன்று', 'என்று' என்பதாக 'என' வந்தால் சேர்த்து எழுதுவது சிறப்பு: <suggestion>சொன்னாரெனத்</suggestion>	சொன்னாரெனத்
L	86	உழைப்புக்கேற்ற ஊதியம்.
M	86	ERRa	1	0	14	Other	'தகுந்த' என்னும் பொருளில் இடம்விட்டு எழுதப்படுகிறது: <suggestion>உழைப்புக்கு ஏற்ற</suggestion>	உழைப்புக்கு ஏற்ற
L	87	நமக்கு ஏன் இந்த ஊர் வம்பெல்லாம்?
M	87	YEn	1	0	10	Other	'எதற்கு' என்ற பொருளில் வரும்போது சேர்த்து எழுத வேண்டும்: <suggestion>நமக்கேன்</suggestion>	நமக்கேன்
L	88	குப்குப்பென்று புகை வருவது ஏன்?
M	88	YEn	2	20	30	Other	சில வினை வடிவங்களுடன் சேர்த்து எழுத வேண்டும்: <suggestion>வருவதேன்</suggestion>	வருவதேன்
L	89	அப்படி ஒரு வலி!
M	89	oru	1	0	10	Other	'அப்படி', 'இப்படி', 'எப்படி' என்பனவற்றோடு சேர்த்து எழுத வேண்டும்: <suggestion>அப்படியொரு</suggestion>	அப்படியொரு
L	90	அப்படியொரு வலி!
L	91	அவர் நேராக வந்தால் ஒழிய நடக்கப் போவதில்லை.
M	91	ozhiya	1	11	23	Other	'செய்தால்' போன்ற வினையெச்சத்தோடு சேர்த்து எழுத வேண்டும்: <suggestion>வந்தாலொழிய</suggestion>	வந்தாலொழிய
L	92	அவர் நேராக வந்தாலொழிய நடக்கப்போவதில்லை.
L	93	அவர்கள் நம்மைக்காட்டிலும் வசதி படைத்தவர்கள்.
M	93	kaattilum	1	8	25	Other	ஒப்புப் பொருளைக் குறிக்கும் இச்சொல் தனித்தே எழுதப்படுகிறது: <suggestion>நம்மைக் காட்டிலும்</suggestion>	நம்மைக் காட்டிலும்
L	94	அங்கே போகக்கூடாது.
M	94	kuudaadhu	1	6	17	Other	'கூடாது' சொல்லை இடம்விட்டு எழுத வேண்டும்: <suggestion>போகக் கூடாது</suggestion>	போகக் கூடாது
L	95	நான் அங்கு வரக் கூடிய சூழலில்லை.
M	95	kuudiya	1	11	21	Other	வினையெச்சத்தின் பின் 'கூடிய' வந்தால் சேர்த்து எழுத வேண்டும்: <suggestion>வரக்கூடிய</suggestion>	வரக்கூடிய
L	96	நான் அங்கு வர கூடிய சூழலில்லை.
M	96	Ends_in_A_2	1	11	19	Other	'போக', 'வர', போன்ற செய்ய என்னும் வினையெச்சங்களின் பின் ஒற்று மிகும்: <suggestion>வரக் கூடிய</suggestion>	வரக் கூடிய
L	97	அவர் வீட்டில் இருக்கக் கூடும்.
M	97	kuudum	1	14	29	Other	'கூடும்' வினைமுற்றாக வரும்போது சேர்த்து எழுத வேண்டும்: <suggestion>இருக்கக்கூடும்</suggestion>	இருக்கக்கூடும்
L	98	ஆற்றில் வெள்ளம் வர கூடும்.
M	98	kuudum	2	16	25	Other	நிகழக்கூடுமெனக் குறிப்பிடும்போது சேர்த்து எழுத வேண்டும்: <suggestion>வரக்கூடும்</suggestion>	வரக்கூடும்
L	99	போற்றத்தக்க மனிதர்.
M	99	thakka	1	0	11	Other	'செ(ய்)ய' போன்ற வினையெச்சத்தின் பின் 'தக்க' பிரித்து எழுதப்படுகிறது: <suggestion>போற்றத் தக்க</suggestion>	போற்றத் தக்க
L	100	பேசத்தகாத சொற்கள்.
M	100	thagaadha	1	0	9	Other	'செ(ய்)ய' போன்ற வினையெச்சத்தின் பின் 'தகாத' பிரித்து எழுதப்படுகிறது: <suggestion>பேசத் தகாத</suggestion>	பேசத் தகாத
L	101	படிக்கத்தகுந்த நூல்.
M	101	thaguntha	1	0	14	Other	'செ(ய்)ய' போன்ற வினையெச்சத்தின் பின் 'தகுந்த' பிரித்து எழுதப்படுகிறது: <suggestion>படிக்கத் தகுந்த</suggestion>	படிக்கத் தகுந்த
L	102	வெயிலைப்பார்க்கிலும் குளிர் தாங்கிக் கொள்ளக்கூடியதே.
M	102	paarkilum	1	0	20	Other	ஒப்புப் பொருளைக் குறிக்கும் இச்சொல் தனித்தே எழுதப்படுகிறது: <suggestion>வெயிலைப் பார்க்கிலும்</suggestion>	வெயிலைப் பார்க்கிலும்
L	103	அவர் போன பிறகு என்ன செய்தாய்?
M	103	piRagu	1	5	14	Other	'செய்த' போன்ற பெயரெச்சம்பின் சேர்த்தே எழுதலாம்: <suggestion>போனபிறகு</suggestion>	போனபிறகு
L	104	அதற்குப்பிறகு கடிதம் வரவில்லை.
M	104	piRagu2	1	0	13	Other	வேற்றுமை உருபு ஏற்ற சொல்பின் 'பிறகு'  வந்தால் இடம்விட வேண்டும்: <suggestion>அதற்குப் பிறகு</suggestion>	அதற்குப் பிறகு
L	105	அதற்குபிறகு கடிதம் வரவில்லை.
M	105	piRagu2	2	0	11	Other	வேற்றுமை உருபு ஏற்ற சொல்பின் 'பிறகு'  வந்தால் இடம்விட வேண்டும்: <suggestion>அதற்குப் பிறகு</suggestion>	அதற்குப் பிறகு
L	106	அவருடன் பேசிய பின் என்னை அழை.
M	106	pin	1	8	18	Other	'செய்த' போன்ற பெயரெச்சம்பின் சேர்த்து எழுதுவது சிறப்பு: <suggestion>பேசியபின்</suggestion>	பேசியபின்
L	107	அவள் கதவுக்குப்பின் ஒளிந்திருந்தாள்.
M	107	pin2	1	5	19	Other	வேற்றுமை உருபு, சாரியை ஆகியன பின் இடம்விட வேண்டும்: <suggestion>கதவுக்குப் பின்</suggestion>	கதவுக்குப் பின்
L	108	அவர் யானையின்பின் நடந்து வந்தார்.
M	108	pin2	2	5	17	Other	வேற்றுமை உருபு, சாரியை ஆகியன பின் இடம்விட வேண்டும்: <suggestion>யானையின் பின்</suggestion>	யானையின் பின்
L	109	விடுதலைக்குப்பின்னர் நடந்த சம்பவங்களை நூலில் காணலாம்.
M	109	pin2	3	0	20	Other	வேற்றுமை உருபு, சாரியை ஆகியன பின் இடம்விட வேண்டும்: <suggestion>விடுதலைக்குப் பின்னர்</suggestion>	விடுதலைக்குப் பின்னர்
L	110	விடுதலைக்குப்பின்னரே அவனது நிலை அவளுக்குத் தெரியவந்தது.
M	110	pin2	4	0	20	Other	வேற்றுமை உருபு, சாரியை ஆகியன பின் இடம்விட வேண்டும்: <suggestion>விடுதலைக்குப் பின்னரே</suggestion>	விடுதலைக்குப் பின்னரே
L	111	ஒரு மாதத்துக்குப்பின்பு அவரைச் சந்திக்கத் திட்டமிட்டுள்ளேன்.
M	111	pin2	5	4	23	Other	வேற்றுமை உருபு, சாரியை ஆகியன பின் இடம்விட வேண்டும்: <suggestion>மாதத்துக்குப் பின்பு</suggestion>	மாதத்துக்குப் பின்பு
L	112	அவள் கதவுக்குப்பின்னே ஒளிந்திருந்தாள்.
M	112	pin2	6	5	21	Other	வேற்றுமை உருபு, சாரியை ஆகியன பின் இடம்விட வேண்டும்: <suggestion>கதவுக்குப் பின்னே</suggestion>	கதவுக்குப் பின்னே
L	113	அவர் யானையின்பின்னே நடந்து வந்தார்.
M	113	pin2	7	5	19	Other	வேற்றுமை உருபு, சாரியை ஆகியன பின் இடம்விட வேண்டும்: <suggestion>யானையின் பின்னே</suggestion>	யானையின் பின்னே
L	114	அவள் கதவுக்குப்பின்னால் ஒளிந்திருந்தாள்.
M	114	pin2	8	5	23	Other	வேற்றுமை உருபு, சாரியை ஆகியன பின் இடம்விட வேண்டும்: <suggestion>கதவுக்குப் பின்னால்</suggestion>	கதவுக்குப் பின்னால்
L	115	அவர் யானையின்பின்னால் நடந்து வந்தார்.
M	115	pin2	9	5	21	Other	வேற்றுமை உருபு, சாரியை ஆகியன பின் இடம்விட வேண்டும்: <suggestion>யானையின் பின்னால்</suggestion>	யானையின் பின்னால்
L	116	ஊருக்கு வந்தபுதிதில் இது நடந்தது.
M	116	puthithil	1	8	20	Other	'செய்த' போன்ற பெயரெச்சம்பின் பிரித்து எழுதுவது சிறப்பு: <suggestion>வந்த புதிதில்</suggestion>	வந்த புதிதில்
L	117	அவரது உணர்வு பூர்வமான விவாதம் எனக்குப் பிடித்திருந்தது.
M	117	poorvamaaka	1	6	21	Other	பெயர்ச்சொற்களோடு சேர்த்தே எழுதப்படுகின்றது: <suggestion>உணர்வுபூர்வமான</suggestion>	உணர்வுபூர்வமான
L	118	அடிபட்ட போதிலும் அவன் விடவில்லை.
M	118	pothilum	1	0	16	Other	'செய்த' போன்ற பெயரெச்சம்பின் சேர்த்து எழுத வேண்டும்: <suggestion>அடிபட்டபோதிலும்</suggestion>	அடிபட்டபோதிலும்
L	119	கல்லூரிக்கு வரும் போது அவனைப் பார்த்தேன்.
M	119	pothu	1	12	22	Other	பெயரெச்சத்தின் பின் 'போது' வந்தால் சேர்த்து எழுத வேண்டும்: <suggestion>வரும்போது</suggestion>	வரும்போது
L	120	கீழே விழுந்த போது பையில் பணம் இருந்தது.
M	120	pothu	2	5	17	Other	பெயரெச்சத்தின் பின் 'போது' வந்தால் சேர்த்து எழுத வேண்டும்: <suggestion>விழுந்தபோது</suggestion>	விழுந்தபோது
L	121	நாய் குலைக்காத போது வாலை ஆட்டுகிறது.
M	121	pothu	2	5	19	Other	பெயரெச்சத்தின் பின் 'போது' வந்தால் சேர்த்து எழுத வேண்டும்: <suggestion>குலைக்காதபோது</suggestion>	குலைக்காதபோது
L	122	தேர்தலின் போது கலவரம்.
M	122	pothu	4	0	14	Other	'இன்' ஏற்ற பெயர்ச்சொல்லின் பின் சேர்த்து எழுத வேண்டும்: <suggestion>தேர்தலின்போது</suggestion>	தேர்தலின்போது
L	123	அது அவரின் சொந்த வீடுபோலும்.
M	123	polum	1	17	28	Other	வாக்கியத்தின் முடிவில் வரும்போது தனித்து எழுத வேண்டும்: <suggestion>வீடு போலும்.</suggestion>	வீடு போலும்.
L	124	அவரைப்போன்ற கருமி யாரும் இல்லை.
M	124	pondRa	1	0	11	Other	எல்லா வகைச் சொற்களின் பின்னும் இடம்விட்டு எழுதலாம்: <suggestion>அவரைப் போன்ற</suggestion>	அவரைப் போன்ற
L	125	அவரைப்போன்று பேசக் கூடியவர் ஒருவரும் இல்லை.
M	125	pondRu	1	0	12	Other	எல்லா வகைச் சொற்களின் பின்னும் இடம்விட்டு எழுதலாம்: <suggestion>அவரைப் போன்று</suggestion>	அவரைப் போன்று
L	126	அவரைப் பொறுத்த மட்டில் பிரச்சனை முடிந்தது.
M	126	mattil	1	7	22	Other	'செய்த' போன்ற பெயரெச்சம்பின் சேர்த்தே எழுதலாம்: <suggestion>பொறுத்தமட்டில்</suggestion>	பொறுத்தமட்டில்
L	127	இந்தக் கதை படித்த மட்டும் அருமை.
M	127	mattum	1	11	25	Other	செய்த' போன்ற பெயரெச்சத்தின் பின் சேர்ந்தே எழுதலாம்: <suggestion>படித்தமட்டும்</suggestion>	படித்தமட்டும்
L	128	அவருடைய பேட்டி முழுவதும் குற்றச்சாட்டு மயமாக இருந்தது.
M	128	mayam	1	25	44	Other	பெயர்ச்சொற்களுடன் சேர்த்தே எழுதப்படுகிறது: <suggestion>குற்றச்சாட்டுமயமாக</suggestion>	குற்றச்சாட்டுமயமாக
L	129	நாளை நான் வேளைக்கு வர மாட்டேன்.
M	129	maattu	1	19	30	Other	'செ(ய்)ய' என்னும் வினையெச்சத்தின் பின் சேர்த்து எழுத வேண்டும்: <suggestion>வரமாட்டேன்</suggestion>	வரமாட்டேன்
L	130	வீட்டைப் பார்த்தமாத்திரத்தில் பிடித்துவிட்டது.
M	130	maathiraththil	1	9	29	Other	'செய்த' போன்ற பெயரெச்சத்தின் பின் தனித்தே எழுதலாம்: <suggestion>பார்த்த மாத்திரத்தில்</suggestion>	பார்த்த மாத்திரத்தில்
L	131	கப்பலைப் பார்க்க வந்த முகமாக இருக்கிறார்கள்.
M	131	mugamaaga	1	17	28	Other	'செய்த' போன்ற பெயரெச்சங்களின் பின் சேர்த்தே எழுதலாம்: <suggestion>வந்தமுகமாக</suggestion>	வந்தமுகமாக
L	132	என்னால் ஐந்து மணிக்குள் வந்துவிடமுடியும்.
M	132	mudiyum	1	24	40	Other	'முடியும்' என்ற வினைமுற்று வடிவம்முன் இடம்விட வேண்டும்: <suggestion>வந்துவிட முடியும்</suggestion>	வந்துவிட முடியும்
L	133	இதை யாராலும் தடுக்கமுடியாது.
M	133	mudiyum	2	13	27	Other	'முடியாது' என்ற வினைமுற்று வடிவம்முன் இடம்விட வேண்டும்: <suggestion>தடுக்க முடியாது</suggestion>	தடுக்க முடியாது
L	134	அவள் அவனது அழைப்புக்காகத் தொலைபேசியின்முன் காத்திருந்தாள்.
M	134	mun2	1	26	42	Other	வேற்றுமை உருபு ஏற்ற சொற்களின் பின் இடம்விட வேண்டும்: <suggestion>தொலைபேசியின் முன்</suggestion>	தொலைபேசியின் முன்
L	135	அவள் அவனது அழைப்புக்காகத் தொலைபேசியின்முன்னே காத்திருந்தாள்.
M	135	mun2	2	26	44	Other	வேற்றுமை உருபு ஏற்ற சொற்களின் பின் இடம்விட வேண்டும்: <suggestion>தொலைபேசியின் முன்னே</suggestion>	தொலைபேசியின் முன்னே
L	136	கோயிலுக்குள் நுழைவதற்குமுன் காலைக் கழுவிக்கொள்ளுங்கள்.
M	136	mun2	3	13	27	Other	வேற்றுமை உருபு ஏற்ற சொற்களின் பின் இடம்விட வேண்டும்: <suggestion>நுழைவதற்கு முன்</suggestion>	நுழைவதற்கு முன்
L	137	கோயிலுக்குள் நுழைவதற்குமுன்பு காலைக் கழுவிக்கொள்ளுங்கள்.
M	137	mun2	4	13	29	Other	வேற்றுமை உருபு ஏற்ற சொற்களின் பின் இடம்விட வேண்டும்: <suggestion>நுழைவதற்கு முன்பு</suggestion>	நுழைவதற்கு முன்பு
L	138	கோயிலுக்குள் நுழைவதற்குமுன்பே காலைக் கழுவிக்கொள்ளுங்கள்.
M	138	mun2	5	13	29	Other	வேற்றுமை உருபு ஏற்ற சொற்களின் பின் இடம்விட வேண்டும்: <suggestion>நுழைவதற்கு முன்பே</suggestion>	நுழைவதற்கு முன்பே
L	139	கோயிலுக்குள் நுழைவதற்குமுன்னே காலைக் கழுவிக்கொள்ளுங்கள்.
M	139	mun2	6	13	29	Other	வேற்றுமை உருபு ஏற்ற சொற்களின் பின் இடம்விட வேண்டும்: <suggestion>நுழைவதற்கு முன்னே</suggestion>	நுழைவதற்கு முன்னே
L	140	வாழ்த்துத் தந்திகள் வந்த வண்ணம் இருக்கின்றன.
M	140	vannam	1	20	31	Other	பெயரெச்சத்தின் பின் இதைச் சேர்த்து எழுத வேண்டும்: <suggestion>வந்தவண்ணம்</suggestion>	வந்தவண்ணம்
L	141	காலைமுதல் மாலை வரை கோயிலில் பூஜை.
M	141	varai	1	10	18	Other	எல்லா வகைச் சொற்களோடும் சேர்த்து எழுத வேண்டும்: <suggestion>மாலைவரை</suggestion>	மாலைவரை
L	142	இடதுபுறம் பார்.
M	142	valadhu	1	0	9	Other	'இடது' சொல்லைத் தனித்து எழுத வேண்டும்: <suggestion>இடது புறம்</suggestion>	இடது புறம்
L	143	வலதுபுறம் பார்.
M	143	valadhu	2	0	9	Other	'வலது' சொல்லைத் தனித்து எழுத வேண்டும்: <suggestion>வலது புறம்</suggestion>	வலது புறம்
L	144	அவர்கள் கடல்வழியாக இந்நாட்டிற்கு வந்தனர்.
M	144	vazhiyaaka	1	8	18	Other	'வழியாக' எல்லா வகைச் சொற்களின் பின்னும் இடம்விட்டே எழுதப்படுகிறது: <suggestion>கடல் வழியாக</suggestion>	கடல் வழியாக
L	145	வாய்வழியாகக் காற்று வெளியேறியது.
M	145	vazhiyaaka	2	0	12	Other	'வழியாக' எல்லா வகைச் சொற்களின் பின்னும் இடம்விட்டே எழுதப்படுகிறது: <suggestion>வாய் வழியாகக்</suggestion>	வாய் வழியாகக்
L	146	அவர் நாடுகளைக் கடல்வழியாகச் சுற்றிவந்தார்.
M	146	vazhiyaaka	3	15	27	Other	'வழியாக' எல்லா வகைச் சொற்களின் பின்னும் இடம்விட்டே எழுதப்படுகிறது: <suggestion>கடல் வழியாகச்</suggestion>	கடல் வழியாகச்
L	147	அவ்வேறுபாடு மரபுவழியாகத் தொடர்கிறது.
M	147	vazhiyaaka	4	12	24	Other	'வழியாக' எல்லா வகைச் சொற்களின் பின்னும் இடம்விட்டே எழுதப்படுகிறது: <suggestion>மரபு வழியாகத்</suggestion>	மரபு வழியாகத்
L	148	ஜன்னல்வழியாகப் பார்.
M	148	vazhiyaaka	5	0	14	Other	'வழியாக' எல்லா வகைச் சொற்களின் பின்னும் இடம்விட்டே எழுதப்படுகிறது: <suggestion>ஜன்னல் வழியாகப்</suggestion>	ஜன்னல் வழியாகப்
L	149	நீள வாக்கில் மடி.
M	149	vaakkil	1	0	12	Other	எல்லா வகைச் சொற்களோடும் சேர்த்தே எழுதலாம்: <suggestion>நீளவாக்கில்</suggestion>	நீளவாக்கில்
L	150	அசுரகளின் ஆற்றல் மனிதர்களின் ஆற்றலை விட அதிகம்.
M	150	vida	1	29	39	Other	ஒப்புப் பொருளில் சேர்த்து எழுத வேண்டும்: <suggestion>ஆற்றலைவிட</suggestion>	ஆற்றலைவிட
L	151	காந்தாரி வெகு காலம் கர்ப்பமாக இருந்தாள்.
M	151	vegu	1	9	19	Other	'வெகு'வை அடுத்து வரும் சொல்லோடு சேர்த்து எழுத வேண்டும்: <suggestion>வெகுகாலம்</suggestion>	வெகுகாலம்
L	152	அக்கினியை மூன்று முறை வலம் வரவேண்டும்.
M	152	vENdum	1	27	37	Other	'வேண்டும்' என்ற வினைமுற்று வடிவம்முன் இடம்விட வேண்டும்: <suggestion>வர வேண்டும்</suggestion>	வர வேண்டும்
L	153	இவ்விரு பகுதிகளும் சமமாக இருத்தல்வேண்டும்.
M	153	vENdum	2	25	41	Other	'வேண்டும்' என்ற வினைமுற்று வடிவம்முன் இடம்விட வேண்டும்: <suggestion>இருத்தல் வேண்டும்</suggestion>	இருத்தல் வேண்டும்
L	154	நீ இன்று வரவேண்டாம்!
M	154	vENdum	3	9	19	Other	'வேண்டாம்' என்ற வினைமுற்று வடிவம்முன் இடம்விட வேண்டும்: <suggestion>வர வேண்டாம்</suggestion>	வர வேண்டாம்
L	155	வேறு ஒரு பக்கத்தில் பார்.
M	155	vERu	1	0	8	Other	'வேறு' அடுத்து வரும் ஒரு, ஒருவர் சேர்த்து எழுதப்படுகிறது: <suggestion>வேறொரு</suggestion>	வேறொரு
L	156	இவை வேறு சில இடங்களிலும் பொருந்தும்.
M	156	vERu	2	4	12	Other	'வேறு' அடுத்து வரும் 'சில', 'பல' சேர்த்து எழுதப்படுகிறது: <suggestion>வேறுசில</suggestion>	வேறுசில
L	157	அவர்கள் வேறு இடம் சென்றனர்.
M	157	vERu	3	8	17	Other	'வேறு' அடுத்து வரும் 'இடம்' சேர்த்து எழுதப்படுகிறது: <suggestion>வேறிடம்</suggestion>	வேறிடம்
L	158	அவர் அந்த காலத்து மனிதர்.
M	158	Ends_in_A_1	1	5	17	Other	'அந்த', 'இந்த', 'எந்த' பின்பு ஒற்று மிகும்: <suggestion>அந்தக் காலத்து</suggestion>	அந்தக் காலத்து
L	159	அவர் அந்த சாலையைக் கடப்பதற்குப் பெரும்பாடு பட்டார்.
M	159	Ends_in_A_1	2	5	18	Other	'அந்த', 'இந்த', 'எந்த' பின்பு ஒற்று மிகும்: <suggestion>அந்தச் சாலையைக்</suggestion>	அந்தச் சாலையைக்
L	160	இந்த தேர்தலில் காங்கிரஸ் படுதோல்வி அடையும்.
M	160	Ends_in_A_1	3	0	14	Other	'அந்த', 'இந்த', 'எந்த' பின்பு ஒற்று மிகும்: <suggestion>இந்தத் தேர்தலில்</suggestion>	இந்தத் தேர்தலில்
L	161	எந்த பக்கம் பார்த்தாலும் ஒரே மக்கள் கூட்டம்.
M	161	Ends_in_A_1	4	0	11	Other	'அந்த', 'இந்த', 'எந்த' பின்பு ஒற்று மிகும்: <suggestion>எந்தப் பக்கம்</suggestion>	எந்தப் பக்கம்
L	162	அவர் ஒரு புதினத்தை என்னிடம் படிக்க கொடுத்தார்.
M	162	Ends_in_A_2	1	28	45	Other	'போக', 'வர', போன்ற செய்ய என்னும் வினையெச்சங்களின் பின் ஒற்று மிகும்: <suggestion>படிக்கக் கொடுத்தார்</suggestion>	படிக்கக் கொடுத்தார்
L	163	அவர் அக்காரியத்தை உடனே செய்ய சொன்னார்.
M	163	Ends_in_A_2	2	23	37	Other	'போக', 'வர', போன்ற செய்ய என்னும் வினையெச்சங்களின் பின் ஒற்று மிகும்: <suggestion>செய்யச் சொன்னார்</suggestion>	செய்யச் சொன்னார்
L	164	அச்செய்தியைக் கேட்ட அவள் உடனே அழ தொடங்கினாள்.
M	164	Ends_in_A_2	3	30	44	Other	'போக', 'வர', போன்ற செய்ய என்னும் வினையெச்சங்களின் பின் ஒற்று மிகும்: <suggestion>அழத் தொடங்கினாள்</suggestion>	அழத் தொடங்கினாள்
L	165	அவனை அவர் எப்படியாவது பழிவாங்க பார்த்தார்.
M	165	Ends_in_A_2	4	22	41	Other	'போக', 'வர', போன்ற செய்ய என்னும் வினையெச்சங்களின் பின் ஒற்று மிகும்: <suggestion>பழிவாங்கப் பார்த்தார்</suggestion>	பழிவாங்கப் பார்த்தார்
L	166	நான் சொல்வதை அவர் சரிவர கேட்கத் தயாராக இல்லை.
M	166	Ends_in_A_3	1	18	31	Other	'சரிவர', 'போல' போன்ற வினையடைகளின், இடைச்சொற்களின் பின் ஒற்று மிகும்: <suggestion>சரிவரக் கேட்கத்</suggestion>	சரிவரக் கேட்கத்
L	167	நான் கேட்ட கேள்விக்கு அவள் மிக சரியான பதிலை அளித்தாள்.
M	167	Ends_in_A_3	2	27	37	Other	'சரிவர', 'போல' போன்ற வினையடைகளின், இடைச்சொற்களின் பின் ஒற்று மிகும்: <suggestion>மிகச் சரியான</suggestion>	மிகச் சரியான
L	168	அங்கு காணப்படுவது போல தடித்த மண் சுவர்கள் இக்கோட்டையில் இல்லை.
M	168	angu_ingu_engu	1	0	17	Other	'அந்த', 'இந்த', 'எந்த' பின்பு ஒற்று மிகலாம்: <suggestion>அங்குக் காணப்படுவது</suggestion>	அங்குக் காணப்படுவது
M	168	Ends_in_A_3	3	18	28	Other	'சரிவர', 'போல' போன்ற வினையடைகளின், இடைச்சொற்களின் பின் ஒற்று மிகும்: <suggestion>போலத் தடித்த</suggestion>	போலத் தடித்த
L	169	அவனது மனைவி கூட பயந்துகொண்டு அவனைப் பார்க்க வருவதில்லை.
M	169	Ends_in_A_3	4	12	28	Other	'சரிவர', 'போல' போன்ற வினையடைகளின், இடைச்சொற்களின் பின் ஒற்று மிகும்: <suggestion>கூடப் பயந்துகொண்டு</suggestion>	கூடப் பயந்துகொண்டு
L	170	அவனாக கற்க முன்வந்தால்தான் ஆச்சு.
M	170	Ends_in_A_4	1	0	10	Other	'ஆக' என்ற வினையடை விகுதியின் பின் ஒற்று மிகும்: <suggestion>அவனாகக் கற்க</suggestion>	அவனாகக் கற்க
L	171	அவர் காரமாக சமையலைச் செய்தார்.
M	171	Ends_in_A_4	2	5	20	Other	'ஆக' என்ற வினையடை விகுதியின் பின் ஒற்று மிகும்: <suggestion>காரமாகச் சமையலைச்</suggestion>	காரமாகச் சமையலைச்
L	172	தானாக தோன்ற நீ என்ன கடவுளா?
M	172	Ends_in_A_4	3	0	11	Other	'ஆக' என்ற வினையடை விகுதியின் பின் ஒற்று மிகும்: <suggestion>தானாகத் தோன்ற</suggestion>	தானாகத் தோன்ற
L	173	காரியத்தை அழகாக பேசி சாதிக்கச் சொன்னார்.
M	173	Ends_in_IU_1	2	16	30	Other	'ஓடி' போன்ற ('செய்து' என்னும்) வினையெச்சத்தின் பின் ஒற்று மிகும்: <suggestion>பேசிச் சாதிக்கச்</suggestion>	பேசிச் சாதிக்கச்
L	174	சின்ன குழந்தைக்கு என்ன உணவு கொடுக்கலாம்.
M	174	Ends_in_A_5	1	0	17	Other	'சின்ன' என்னும் பெயரடை ஒற்று ஏற்கும்: <suggestion>சின்னக் குழந்தைக்கு</suggestion>	சின்னக் குழந்தைக்கு
L	175	இங்கு ஒரு சின்ன திருத்தம் தேவை.
M	175	Ends_in_A_5	2	10	25	Other	'சின்ன' என்னும் பெயரடை ஒற்று ஏற்கும்: <suggestion>சின்னத் திருத்தம்</suggestion>	சின்னத் திருத்தம்
L	176	அவனோ சின்ன பையன்.
M	176	Ends_in_A_5	3	5	16	Other	'சின்ன' என்னும் பெயரடை ஒற்று ஏற்கும்: <suggestion>சின்னப் பையன்</suggestion>	சின்னப் பையன்
L	177	நடிகையின் நிறைவேறா கனவுகள் அவளை வாட்டின.
M	177	Ends_in_Aa_1	1	10	26	Other	ஈறுகெட்ட எதிர்மறை பெயரெச்சம்பின் ஒற்று மிகும்: <suggestion>நிறைவேறாக் கனவுகள்</suggestion>	நிறைவேறாக் கனவுகள்
L	178	தன் மகனின் மேல் அவர் தீரா சினம் கொண்டிருந்தார்.
M	178	Ends_in_Aa_1	2	21	31	Other	ஈறுகெட்ட எதிர்மறை பெயரெச்சம்பின் ஒற்று மிகும்: <suggestion>தீராச் சினம்</suggestion>	தீராச் சினம்
L	179	அவன் அஞ்சா தன்மையுடைய வீரன்.
M	179	Ends_in_Aa_1	3	5	21	Other	ஈறுகெட்ட எதிர்மறை பெயரெச்சம்பின் ஒற்று மிகும்: <suggestion>அஞ்சாத் தன்மையுடைய</suggestion>	அஞ்சாத் தன்மையுடைய
L	180	அவர்களின் தீரா பகை பலருக்குத் தொல்லையாக இருந்தது.
M	180	Ends_in_Aa_1	4	10	18	Other	ஈறுகெட்ட எதிர்மறை பெயரெச்சம்பின் ஒற்று மிகும்: <suggestion>தீராப் பகை</suggestion>	தீராப் பகை
L	181	அவனிடம் அந்நூல்பற்றி கேள்.
M	181	Ends_in_I_1	1	8	25	Other	'பற்றி' என்ற வினையடைபின் ஒற்று மிகும்: <suggestion>அந்நூல்பற்றிக் கேள்</suggestion>	அந்நூல்பற்றிக் கேள்
L	182	உன்னைப் பற்றி சொல்.
M	182	Ends_in_IU_1	2	8	18	Other	'ஓடி' போன்ற ('செய்து' என்னும்) வினையெச்சத்தின் பின் ஒற்று மிகும்: <suggestion>பற்றிச் சொல்</suggestion>	பற்றிச் சொல்
L	183	நாம் அந்நிகழ்வுபற்றி தேவையில்லாமல் கவலைப்படுவதைத் தவிர்த்தோம்.
M	183	Ends_in_I_1	3	5	34	Other	'பற்றி' என்ற வினையடைபின் ஒற்று மிகும்: <suggestion>அந்நிகழ்வுபற்றித் தேவையில்லாமல்</suggestion>	அந்நிகழ்வுபற்றித் தேவையில்லாமல்
L	184	அவர் உங்களைப் பற்றி பேசினார்.
M	184	Ends_in_IU_1	4	14	28	Other	'ஓடி' போன்ற ('செய்து' என்னும்) வினையெச்சத்தின் பின் ஒற்று மிகும்: <suggestion>பற்றிப் பேசினார்</suggestion>	பற்றிப் பேசினார்
L	185	இது ஒரு மாதிரி காகிதம்.
M	185	Ends_in_I_2	1	8	22	Other	'மாதிரி' மற்றொரு பெயர்ச்சொல்லுடன் இணையும்போது ஒற்று மிகும்: <suggestion>மாதிரிக் காகிதம்</suggestion>	மாதிரிக் காகிதம்
L	186	மாணவர்களின் மாதிரி சந்தை.
M	186	Ends_in_I_2	2	12	24	Other	'மாதிரி' மற்றொரு பெயர்ச்சொல்லுடன் இணையும்போது ஒற்று மிகும்: <suggestion>மாதிரிச் சந்தை</suggestion>	மாதிரிச் சந்தை
L	187	அந்த மாதிரி தாளை எடு.
M	187	Ends_in_I_2	3	5	16	Other	'மாதிரி' மற்றொரு பெயர்ச்சொல்லுடன் இணையும்போது ஒற்று மிகும்: <suggestion>மாதிரித் தாளை</suggestion>	மாதிரித் தாளை
L	188	அந்த மாதிரி படிவங்களை அவனிடமிருந்து பெற்று வா.
M	188	Ends_in_I_2	4	5	21	Other	'மாதிரி' மற்றொரு பெயர்ச்சொல்லுடன் இணையும்போது ஒற்று மிகும்: <suggestion>மாதிரிப் படிவங்களை</suggestion>	மாதிரிப் படிவங்களை
L	189	முடிந்தவரை விட்டு கொடு.
M	189	Ends_in_IU_1	1	11	22	Other	'ஓடி' போன்ற ('செய்து' என்னும்) வினையெச்சத்தின் பின் ஒற்று மிகும்: <suggestion>விட்டுக் கொடு</suggestion>	விட்டுக் கொடு
L	190	நீ மறையும் முன் கேட்டு சொல் வெண்ணிலாவே.
M	190	Ends_in_IU_1	2	16	27	Other	'ஓடி' போன்ற ('செய்து' என்னும்) வினையெச்சத்தின் பின் ஒற்று மிகும்: <suggestion>கேட்டுச் சொல்</suggestion>	கேட்டுச் சொல்
L	191	அந்நிறுவனம் பன்னாட்டு நாணயங்களை அச்சடித்து தருகிறது.
M	191	Ends_in_IU_1	3	32	51	Other	'ஓடி' போன்ற ('செய்து' என்னும்) வினையெச்சத்தின் பின் ஒற்று மிகும்: <suggestion>அச்சடித்துத் தருகிறது</suggestion>	அச்சடித்துத் தருகிறது
L	192	நோய்களே ஓடி போ!
M	192	Ends_in_IU_1	4	8	14	Other	'ஓடி' போன்ற ('செய்து' என்னும்) வினையெச்சத்தின் பின் ஒற்று மிகும்: <suggestion>ஓடிப் போ</suggestion>	ஓடிப் போ
L	193	நேற்று அவன் மருந்து கடைக்கு வந்தான்.
M	193	Ends_in_U	1	12	27	Other	பெயர்ச்சொற்கள் கூட்டுச்சொற்களாக வரும்போது ஒற்று மிகும்: <suggestion>மருந்துக் கடைக்கு</suggestion>	மருந்துக் கடைக்கு
L	194	சொத்து சண்டை என்றாலே சிக்கல்தான்.
M	194	Ends_in_U	2	0	12	Other	பெயர்ச்சொற்கள் கூட்டுச்சொற்களாக வரும்போது ஒற்று மிகும்: <suggestion>சொத்துச் சண்டை</suggestion>	சொத்துச் சண்டை
L	195	இதற்கு ஒரு தரவு தளம் தேவை.
M	195	Ends_in_U	3	11	20	Other	பெயர்ச்சொற்கள் கூட்டுச்சொற்களாக வரும்போது ஒற்று மிகும்: <suggestion>தரவுத் தளம்</suggestion>	தரவுத் தளம்
L	196	அந்த மருந்து பையை இங்கு கொண்டுவா.
M	196	Ends_in_U	4	5	17	Other	பெயர்ச்சொற்கள் கூட்டுச்சொற்களாக வரும்போது ஒற்று மிகும்: <suggestion>மருந்துப் பையை</suggestion>	மருந்துப் பையை
M	196	angu_ingu_engu	1	18	32	Other	'அந்த', 'இந்த', 'எந்த' பின்பு ஒற்று மிகலாம்: <suggestion>இங்குக் கொண்டுவா</suggestion>	இங்குக் கொண்டுவா
L	197	அவரை அங்கு கண்டாயா?
M	197	angu_ingu_engu	1	5	18	Other	'அந்த', 'இந்த', 'எந்த' பின்பு ஒற்று மிகலாம்: <suggestion>அங்குக் கண்டாயா</suggestion>	அங்குக் கண்டாயா
L	198	அவரை அங்கு சந்தித்தாயா?
M	198	angu_ingu_engu	2	5	22	Other	'அந்த', 'இந்த', 'எந்த' பின்பு ஒற்று மிகலாம்: <suggestion>அங்குச் சந்தித்தாயா</suggestion>	அங்குச் சந்தித்தாயா
L	199	அவரை அங்கு தோன்றினாரா?
M	199	angu_ingu_engu	3	5	21	Other	'அந்த', 'இந்த', 'எந்த' பின்பு ஒற்று மிகலாம்: <suggestion>அங்குத் தோன்றினாரா</suggestion>	அங்குத் தோன்றினாரா
L	200	அவரை அங்கு பார்த்தாயா?
M	200	angu_ingu_engu	4	5	21	Other	'அந்த', 'இந்த', 'எந்த' பின்பு ஒற்று மிகலாம்: <suggestion>அங்குப் பார்த்தாயா</suggestion>	அங்குப் பார்த்தாயா
L	201	பழத்தை கடித்துச் சுவை பார்த்தேன்.
M	201	Ends_in_Ai_1	1	0	16	Other	2 ஆம் வேற்றுமை உருபாகிய 'ஐ' பின் ஒற்று மிகும்: <suggestion>பழத்தைக் கடித்துச்</suggestion>	பழத்தைக் கடித்துச்
L	202	அவர் தம் கடமையை செய்ய என்றும் தவறியதில்லை.
M	202	Ends_in_Ai_1	2	9	21	Other	2 ஆம் வேற்றுமை உருபாகிய 'ஐ' பின் ஒற்று மிகும்: <suggestion>கடமையைச் செய்ய</suggestion>	கடமையைச் செய்ய
L	203	கதவை தட்டி அவனை எழுப்பு.
M	203	Ends_in_Ai_1	3	0	10	Other	2 ஆம் வேற்றுமை உருபாகிய 'ஐ' பின் ஒற்று மிகும்: <suggestion>கதவைத் தட்டி</suggestion>	கதவைத் தட்டி
L	204	என் கையை பிடித்து இழுக்காதே.
M	204	Ends_in_Ai_1	4	4	17	Other	2 ஆம் வேற்றுமை உருபாகிய 'ஐ' பின் ஒற்று மிகும்: <suggestion>கையைப் பிடித்து</suggestion>	கையைப் பிடித்து
L	205	பழங்களை கடித்துச் சுவை பார்த்தேன்.
M	205	Ends_in_Ai_2	1	0	17	Other	2 ஆம் வேற்றுமை உருபாகிய 'ஐ' பின் ஒற்று மிகும்: <suggestion>பழங்களைக் கடித்துச்</suggestion>	பழங்களைக் கடித்துச்
L	206	மாடுகளை சாட்டையால் அடிக்காதே!
M	206	Ends_in_Ai_2	2	0	18	Other	2 ஆம் வேற்றுமை உருபாகிய 'ஐ' பின் ஒற்று மிகும்: <suggestion>மாடுகளைச் சாட்டையால்</suggestion>	மாடுகளைச் சாட்டையால்
L	207	தனது நண்பர்களை தேடிக்கொண்டு அவன் இங்கு வந்தான்.
M	207	Ends_in_Ai_2	3	5	27	Other	2 ஆம் வேற்றுமை உருபாகிய 'ஐ' பின் ஒற்று மிகும்: <suggestion>நண்பர்களைத் தேடிக்கொண்டு</suggestion>	நண்பர்களைத் தேடிக்கொண்டு
L	208	ஆசிரியர் மாணவர்களை பார்த்து அவர்களுடன் உரையாடிக்கொண்டிருந்தார்.
M	208	Ends_in_Ai_2	4	9	27	Other	2 ஆம் வேற்றுமை உருபாகிய 'ஐ' பின் ஒற்று மிகும்: <suggestion>மாணவர்களைப் பார்த்து</suggestion>	மாணவர்களைப் பார்த்து
L	209	கடந்த இரு நாட்களாக என் குழந்தைக்கு காய்ச்சல்.
M	209	Ends_in_Ku_1	1	23	44	Other	4 ஆம் வேற்றுமை உருபாகிய 'கு' பின் ஒற்று மிகும்: <suggestion>குழந்தைக்குக் காய்ச்சல்</suggestion>	குழந்தைக்குக் காய்ச்சல்
L	210	அவன் வீட்டுக்கு செல்ல தயாராகிக்கொண்டிருந்தபோது அந்நிகழ்வு நடந்தது.
M	210	Ends_in_A_2	3	16	46	Other	'போக', 'வர', போன்ற செய்ய என்னும் வினையெச்சங்களின் பின் ஒற்று மிகும்: <suggestion>செல்லத் தயாராகிக்கொண்டிருந்தபோது</suggestion>	செல்லத் தயாராகிக்கொண்டிருந்தபோது
L	211	அந்தத் திருட்டுச் சாமியாருக்கு தண்டனை கிடைத்தது.
M	211	Ends_in_Ku_1	3	18	37	Other	4 ஆம் வேற்றுமை உருபாகிய 'கு' பின் ஒற்று மிகும்: <suggestion>சாமியாருக்குத் தண்டனை</suggestion>	சாமியாருக்குத் தண்டனை
L	212	அவன் நாளை ஊருக்கு போகத் திட்டமிட்டிருக்கிறான்.
M	212	Ends_in_Ku_1	4	10	23	Other	4 ஆம் வேற்றுமை உருபாகிய 'கு' பின் ஒற்று மிகும்: <suggestion>ஊருக்குப் போகத்</suggestion>	ஊருக்குப் போகத்
L	213	படைவீரர்களின் வாரிசுகளுக்கு கல்வி உதவித்தொகை.
M	213	Ends_in_Ku_2	1	14	33	Other	4 ஆம் வேற்றுமை உருபாகிய 'கு' பின் ஒற்று மிகும்: <suggestion>வாரிசுகளுக்குக் கல்வி</suggestion>	வாரிசுகளுக்குக் கல்வி
L	214	நீங்கள் இந்த வலைத்தளங்களுக்கு சென்று புகார் சமர்ப்பிக்கலாம்.
M	214	Ends_in_Ku_2	2	13	36	Other	4 ஆம் வேற்றுமை உருபாகிய 'கு' பின் ஒற்று மிகும்: <suggestion>வலைத்தளங்களுக்குச் சென்று</suggestion>	வலைத்தளங்களுக்குச் சென்று
L	215	வேட்பாளர்களுக்கு தேர்தல் ஆணையம் எச்சரிக்கை.
M	215	Ends_in_Ku_2	3	0	24	Other	4 ஆம் வேற்றுமை உருபாகிய 'கு' பின் ஒற்று மிகும்: <suggestion>வேட்பாளர்களுக்குத் தேர்தல்</suggestion>	வேட்பாளர்களுக்குத் தேர்தல்
L	216	ஜெயலலிதா யானைகளுக்கு பெயர் சூட்டி மகிழ்ந்தார்.
M	216	Ends_in_Ku_2	4	9	26	Other	4 ஆம் வேற்றுமை உருபாகிய 'கு' பின் ஒற்று மிகும்: <suggestion>யானைகளுக்குப் பெயர்</suggestion>	யானைகளுக்குப் பெயர்
